grid_id,x,y,mean_activity,median_activity,std_activity,min_activity,max_activity,valid_days,zero_activity_days,zero_activity_ratio,activity_class,mean_inflow,median_inflow,std_inflow,min_inflow,max_inflow,zero_inflow_days,zero_inflow_ratio,inflow_active_days,inflow_active_ratio,pre_activity_mean,pre_activity_median,pre_activity_std,pre_days,pre_mean_inflow,pre_median_inflow,pre_std_inflow,pre_active_days,pre_active_ratio,baseline_class,january_activity_mean,january_activity_median,january_activity_std,january_days,january_mean_inflow,january_median_inflow,january_std_inflow,post_activity_mean,post_activity_median,post_activity_std,post_days,post_mean_inflow,post_median_inflow,post_std_inflow,impact_change,impact_ratio,impact_class,impact_magnitude,affected_by_earthquake,inflow_change,inflow_impact_ratio,activity_loss,activity_recovered,inflow_loss,inflow_recovered,recovery_ratio,inflow_recovery_ratio,recovery_status,baseline_classification,final_class,classification_reason
1_66,66,1,3.629608786641551,3.654480149562503,1.2047788973761604,0.0,7.032277880623267,292,5,0.0171232876712328,Active,3.629608786641551,3.654480149562503,1.2047788973761604,0.0,7.032277880623267,5,0.0171232876712328,287,0.9828767123287672,4.075851444454792,4.105112632826748,1.0736199921385332,54,4.075851444454792,4.105112632826748,1.0736199921385332,54,1.0,SufficientBaseline,3.2522512812296847,3.182904937388742,0.86959910592585,28,3.2522512812296847,3.182904937388742,0.86959910592585,3.565175008687347,3.616744256104589,1.2475115999895603,210,3.565175008687347,3.616744256104589,1.2475115999895603,-0.8236001632251075,-0.202068248671236,Decrease,0.8236001632251075,True,-0.8236001632251075,-0.202068248671236,0.8236001632251075,0.3129237274576621,0.8236001632251075,0.3129237274576621,,,NotAffected,SufficientBaseline,Persistent Decrease,Baseline sufficient; inflow decreased >= 20%; no meaningful recovery
1_88,88,1,0.7444406107043431,0.0,1.0609017892789854,0.0,4.9432961473423855,292,175,0.5993150684931506,LowActivity,0.7444406107043431,0.0,1.0609017892789854,0.0,4.9432961473423855,175,0.5993150684931506,117,0.4006849315068493,1.4572130164578654,1.37169624717646,1.1824036071486053,54,1.4572130164578654,1.37169624717646,1.1824036071486053,40,0.7407407407407407,SufficientBaseline,1.1130844691348316,1.091340899253232,1.1752546030577766,28,1.1130844691348316,1.091340899253232,1.1752546030577766,0.5120037633388962,0.0,0.9112475961751596,210,0.5120037633388962,0.0,0.9112475961751596,-0.3441285473230338,-0.236155279589478,Decrease,0.3441285473230338,True,-0.3441285473230338,-0.236155279589478,0.3441285473230338,-0.6010807057959354,0.3441285473230338,-0.6010807057959354,,,NotAffected,SufficientBaseline,Persistent Decrease,Baseline sufficient; inflow decreased >= 20%; no meaningful recovery
2_5,5,2,3.1874398629981844,2.938685760455777,2.1093590641347184,0.0,13.839700132459988,292,32,0.1095890410958904,Active,3.187358842423041,2.938685760455777,2.1013417625570927,0.0,13.064676925042228,32,0.1095890410958904,260,0.8904109589041096,2.7492036915268367,2.732989008253198,1.7016318842208196,54,2.7492036915268367,2.732989008253198,1.7016318842208196,47,0.8703703703703703,SufficientBaseline,1.7770629169356371,1.7017269054533692,1.5426759826519034,28,1.7770629169356371,1.7017269054533692,1.5426759826519034,3.48817942370868,3.180698237532417,2.178618789789852,210,3.488066766528005,3.180698237532417,2.1678202206426618,-0.9721407745911996,-0.3536081293602868,Decrease,0.9721407745911996,True,-0.9721407745911996,-0.3536081293602868,0.9721407745911996,1.7110038495923678,0.9721407745911996,1.7110038495923678,,,NotAffected,SufficientBaseline,Persistent Decrease,Baseline sufficient; inflow decreased >= 20%; no meaningful recovery
2_31,31,2,1.3660340777216766,1.7893041481357297,1.1852699975020586,0.0,4.994893082944557,292,112,0.3835616438356164,LowActivity,1.3660340777216766,1.7893041481357297,1.1852699975020586,0.0,4.994893082944557,112,0.3835616438356164,180,0.6164383561643836,1.9938158823886607,2.1314925986829705,1.0585428063487978,54,1.9938158823886607,2.1314925986829705,1.0585428063487978,47,0.8703703703703703,SufficientBaseline,1.487530314691642,1.8454338806672044,0.9499606736753924,28,1.487530314691642,1.8454338806672044,0.9499606736753924,1.1884049725446475,1.397919640112404,1.1915609212039813,210,1.1884049725446475,1.397919640112404,1.1915609212039813,-0.5062855676970188,-0.2539279439837098,Decrease,0.5062855676970188,True,-0.5062855676970188,-0.2539279439837098,0.5062855676970188,-0.2991253421469944,0.5062855676970188,-0.2991253421469944,,,NotAffected,SufficientBaseline,Persistent Decrease,Baseline sufficient; inflow decreased >= 20%; no meaningful recovery
3_60,60,3,1.5648627583887758,1.47856555798883,1.5892851508339787,0.0,8.102309163627622,292,108,0.3698630136986301,LowActivity,1.5648627583887758,1.47856555798883,1.5892851508339787,0.0,8.102309163627622,108,0.3698630136986301,184,0.6301369863013698,1.531746241588564,1.4467707572291268,1.4723048910468737,54,1.531746241588564,1.4467707572291268,1.4723048910468737,35,0.6481481481481481,SufficientBaseline,1.1405293412939732,0.6457962350343492,1.3723315934802347,28,1.1405293412939732,0.6457962350343492,1.3723315934802347,1.629956223083375,1.5341972374906885,1.6416950637969243,210,1.629956223083375,1.5341972374906885,1.6416950637969243,-0.3912169002945906,-0.2554058170163109,Decrease,0.3912169002945906,True,-0.3912169002945906,-0.2554058170163109,0.3912169002945906,0.4894268817894018,0.3912169002945906,0.4894268817894018,,,NotAffected,SufficientBaseline,Persistent Decrease,Baseline sufficient; inflow decreased >= 20%; no meaningful recovery
3_71,71,3,1.3415307417803226,1.1943909293890629,1.3673191474710829,0.0,5.626186535105603,292,117,0.4006849315068493,LowActivity,1.3415307417803226,1.1943909293890629,1.3673191474710829,0.0,5.626186535105603,117,0.4006849315068493,175,0.5993150684931506,1.4987159633617968,1.4401235676256277,1.249891436996933,54,1.4987159633617968,1.4401235676256277,1.249891436996933,37,0.6851851851851852,SufficientBaseline,1.1951318275842364,1.2500664086525588,1.1382159693632,28,1.1951318275842364,1.2500664086525588,1.1382159693632,1.320631540028374,1.139305723201438,1.4247283596990563,210,1.320631540028374,1.139305723201438,1.4247283596990563,-0.3035841357775604,-0.2025628225755234,Decrease,0.3035841357775604,True,-0.3035841357775604,-0.2025628225755234,0.3035841357775604,0.1254997124441375,0.3035841357775604,0.1254997124441375,,,NotAffected,SufficientBaseline,Persistent Decrease,Baseline sufficient; inflow decreased >= 20%; no meaningful recovery
3_77,77,3,3.0155489776705084,2.763080898387307,1.851050356393916,0.0,11.42291170235351,292,18,0.0616438356164383,Active,3.0155489776705084,2.763080898387307,1.851050356393916,0.0,11.42291170235351,18,0.0616438356164383,274,0.9383561643835616,3.3240695377008374,3.0052582987301677,2.1499855014983558,54,3.3240695377008374,3.0052582987301677,2.1499855014983558,49,0.9074074074074074,SufficientBaseline,2.395050929042869,2.261330503269133,1.34549543304062,28,2.395050929042869,2.261330503269133,1.34549543304062,3.018948192527348,2.755847440452638,1.813409602582546,210,3.018948192527348,2.755847440452638,1.813409602582546,-0.929018608657968,-0.2794823026778625,Decrease,0.929018608657968,True,-0.929018608657968,-0.2794823026778625,0.929018608657968,0.6238972634844782,0.929018608657968,0.6238972634844782,,,NotAffected,SufficientBaseline,Persistent Decrease,Baseline sufficient; inflow decreased >= 20%; no meaningful recovery
3_99,99,3,2.562638200836255,2.3213356174303463,2.0905513092943973,0.0,10.212901879989197,292,61,0.2089041095890411,Active,2.562638200836255,2.3213356174303463,2.0905513092943973,0.0,10.212901879989197,61,0.2089041095890411,231,0.791095890410959,2.932831773081304,2.230101663658562,2.645016792263327,54,2.932831773081304,2.230101663658562,2.645016792263327,41,0.7592592592592593,SufficientBaseline,2.181899751681724,1.7011057921334565,2.024822370015524,28,2.181899751681724,1.7011057921334565,2.024822370015524,2.51821069452718,2.3464576135180524,1.929898898656268,210,2.51821069452718,2.3464576135180524,1.929898898656268,-0.75093202139958,-0.2560433326902459,Decrease,0.75093202139958,True,-0.75093202139958,-0.2560433326902459,0.75093202139958,0.3363109428454556,0.75093202139958,0.3363109428454556,,,NotAffected,SufficientBaseline,Persistent Decrease,Baseline sufficient; inflow decreased >= 20%; no meaningful recovery
4_10,10,4,2.5213787071097125,2.3782354137934263,1.718282237565066,0.0,8.468192678316566,292,44,0.1506849315068493,Active,2.5213787071097125,2.3782354137934263,1.718282237565066,0.0,8.468192678316566,44,0.1506849315068493,248,0.8493150684931506,2.157993074476705,1.993887551004184,1.4864919567918564,54,2.157993074476705,1.993887551004184,1.4864919567918564,44,0.8148148148148148,SufficientBaseline,1.6608973034496437,1.7311185318541311,1.412890498906768,28,1.6608973034496437,1.7311185318541311,1.412890498906768,2.729551580750971,2.5434880880728263,1.765162093082692,210,2.729551580750971,2.5434880880728263,1.765162093082692,-0.4970957710270618,-0.2303509575199184,Decrease,0.4970957710270618,True,-0.4970957710270618,-0.2303509575199184,0.4970957710270618,1.0686542773013274,0.4970957710270618,1.0686542773013274,,,NotAffected,SufficientBaseline,Persistent Decrease,Baseline sufficient; inflow decreased >= 20%; no meaningful recovery
4_23,23,4,2.1458628155177752,2.016690905724181,1.7074557379654998,0.0,9.376977558509338,292,61,0.2089041095890411,Active,2.1458628155177752,2.016690905724181,1.7074557379654998,0.0,9.376977558509338,61,0.2089041095890411,231,0.791095890410959,1.972016717899322,1.8754784410781848,1.6023372038303367,54,1.972016717899322,1.8754784410781848,1.6023372038303367,42,0.7777777777777778,SufficientBaseline,1.0591497736643798,1.0549004371662198,1.0474182529978528,28,1.0591497736643798,1.0549004371662198,1.0474182529978528,2.33546117000964,2.248805829405677,1.7505124974298611,210,2.33546117000964,2.248805829405677,1.7505124974298611,-0.9128669442349422,-0.4629103475387205,Decrease,0.9128669442349422,True,-0.9128669442349422,-0.4629103475387205,0.9128669442349422,1.27631139634526,0.9128669442349422,1.27631139634526,,,NotAffected,SufficientBaseline,Persistent Decrease,Baseline sufficient; inflow decreased >= 20%; no meaningful recovery
4_54,54,4,1.2549410298131447,1.3972099017274933,1.2787887720609417,0.0,6.143072479992084,292,121,0.4143835616438356,LowActivity,1.2549410298131447,1.3972099017274933,1.2787887720609417,0.0,6.143072479992084,121,0.4143835616438356,171,0.5856164383561644,1.4771106917549517,1.5410241147116603,1.3332293975259533,54,1.4771106917549517,1.5410241147116603,1.3332293975259533,36,0.6666666666666666,SufficientBaseline,1.0832689172171206,1.0636541419542156,1.2163246541495023,28,1.0832689172171206,1.0636541419542156,1.2163246541495023,1.2207013031837692,1.403710491395203,1.2716698641794757,210,1.2207013031837692,1.403710491395203,1.2716698641794757,-0.3938417745378311,-0.2666298312890204,Decrease,0.3938417745378311,True,-0.3938417745378311,-0.2666298312890204,0.3938417745378311,0.1374323859666486,0.3938417745378311,0.1374323859666486,,,NotAffected,SufficientBaseline,Persistent Decrease,Baseline sufficient; inflow decreased >= 20%; no meaningful recovery
4_57,57,4,1.6385429488641696,1.5818859979823765,1.6217619441187554,0.0,8.287375413878458,292,104,0.3561643835616438,LowActivity,1.6385429488641696,1.5818859979823765,1.6217619441187554,0.0,8.287375413878458,104,0.3561643835616438,188,0.6438356164383562,1.94751953195656,1.7318825024291569,1.8912091097423016,54,1.94751953195656,1.7318825024291569,1.8912091097423016,35,0.6481481481481481,SufficientBaseline,1.3054022140453154,0.9744884369599248,1.758028449864075,28,1.3054022140453154,0.9744884369599248,1.758028449864075,1.603510592140069,1.6382273846687896,1.5215054242867287,210,1.603510592140069,1.6382273846687896,1.5215054242867287,-0.6421173179112445,-0.3297103353136317,Decrease,0.6421173179112445,True,-0.6421173179112445,-0.3297103353136317,0.6421173179112445,0.2981083780947535,0.6421173179112445,0.2981083780947535,,,NotAffected,SufficientBaseline,Persistent Decrease,Baseline sufficient; inflow decreased >= 20%; no meaningful recovery
4_59,59,4,1.5524339234632838,1.4223450949160918,1.7035882941500493,0.0,9.772084087823734,292,117,0.4006849315068493,LowActivity,1.5524339234632838,1.4223450949160918,1.7035882941500493,0.0,9.772084087823734,117,0.4006849315068493,175,0.5993150684931506,1.4297121483279402,1.459047906949368,1.5029337476298543,54,1.4297121483279402,1.459047906949368,1.5029337476298543,32,0.5925925925925926,SufficientBaseline,0.7333231750802243,0.0,0.8817559898765471,28,0.7333231750802243,0.0,0.8817559898765471,1.6932057178063036,1.4927240496860823,1.8038682340685748,210,1.6932057178063036,1.4927240496860823,1.8038682340685748,-0.696388973247716,-0.4870833433584155,Decrease,0.696388973247716,True,-0.696388973247716,-0.4870833433584155,0.696388973247716,0.9598825427260792,0.696388973247716,0.9598825427260792,,,NotAffected,SufficientBaseline,Persistent Decrease,Baseline sufficient; inflow decreased >= 20%; no meaningful recovery
6_32,32,6,1.4819627539082252,1.4536432019928465,1.5764744378780908,0.0,7.925619952950683,292,125,0.4280821917808219,LowActivity,1.4819627539082252,1.4536432019928465,1.5764744378780908,0.0,7.925619952950683,125,0.4280821917808219,167,0.571917808219178,1.880243470105796,2.174706219434888,1.359530864550144,54,1.880243470105796,2.174706219434888,1.359530864550144,41,0.7592592592592593,SufficientBaseline,1.4944884452958578,1.387338909863649,1.7998026549074524,28,1.4944884452958578,1.387338909863649,1.7998026549074524,1.3778776204152607,1.220020553134578,1.587852648820965,210,1.3778776204152607,1.220020553134578,1.587852648820965,-0.3857550248099384,-0.2051622733667746,Decrease,0.3857550248099384,True,-0.3857550248099384,-0.2051622733667746,0.3857550248099384,-0.116610824880597,0.3857550248099384,-0.116610824880597,,,NotAffected,SufficientBaseline,Persistent Decrease,Baseline sufficient; inflow decreased >= 20%; no meaningful recovery
6_56,56,6,2.2753244243674446,2.197194289736821,1.7712078490588397,0.0,7.611598642100172,292,68,0.2328767123287671,Active,2.2753244243674446,2.197194289736821,1.7712078490588397,0.0,7.611598642100172,68,0.2328767123287671,224,0.7671232876712328,2.4462963098863413,2.514087685396362,1.564166632540125,54,2.4462963098863413,2.514087685396362,1.564166632540125,46,0.8518518518518519,SufficientBaseline,1.8304038993673568,1.5970941258068294,1.5772204546284725,28,1.8304038993673568,1.5970941258068294,1.5772204546284725,2.2906829619006928,2.204476859938961,1.841716558925664,210,2.2906829619006928,2.204476859938961,1.841716558925664,-0.6158924105189845,-0.2517652534690696,Decrease,0.6158924105189845,True,-0.6158924105189845,-0.2517652534690696,0.6158924105189845,0.4602790625333359,0.6158924105189845,0.4602790625333359,,,NotAffected,SufficientBaseline,Persistent Decrease,Baseline sufficient; inflow decreased >= 20%; no meaningful recovery
7_57,57,7,0.9037781702207636,0.0,1.226455129372278,0.0,5.684088398274853,292,170,0.5821917808219178,LowActivity,0.9037781702207636,0.0,1.226455129372278,0.0,5.684088398274853,170,0.5821917808219178,122,0.4178082191780822,1.313832125802014,1.3587196961735253,1.4590951532583112,54,1.313832125802014,1.3587196961735253,1.4590951532583112,30,0.5555555555555556,SufficientBaseline,0.9367528960894096,0.0,1.298091488813853,28,0.9367528960894096,0.0,1.298091488813853,0.7939390943840511,0.0,1.1318469263386488,210,0.7939390943840511,0.0,1.1318469263386488,-0.3770792297126043,-0.2870071619556574,Decrease,0.3770792297126043,True,-0.3770792297126043,-0.2870071619556574,0.3770792297126043,-0.1428138017053586,0.3770792297126043,-0.1428138017053586,,,NotAffected,SufficientBaseline,Persistent Decrease,Baseline sufficient; inflow decreased >= 20%; no meaningful recovery
8_43,43,8,2.384845606379032,2.1417817394492538,1.9358455826774164,0.0,10.057218320943624,292,68,0.2328767123287671,Active,2.384845606379032,2.1417817394492538,1.9358455826774164,0.0,10.057218320943624,68,0.2328767123287671,224,0.7671232876712328,2.2057711811267486,2.1644577373566958,1.8855692421846708,54,2.2057711811267486,2.1644577373566958,1.8855692421846708,41,0.7592592592592593,SufficientBaseline,1.7046962612259142,1.7132431427835368,1.458271403710799,28,1.7046962612259142,1.7132431427835368,1.458271403710799,2.5215798950833683,2.2182227231403364,1.9880739106827428,210,2.5215798950833683,2.2182227231403364,1.9880739106827428,-0.5010749199008344,-0.2271654123456614,Decrease,0.5010749199008344,True,-0.5010749199008344,-0.2271654123456614,0.5010749199008344,0.8168836338574541,0.5010749199008344,0.8168836338574541,,,NotAffected,SufficientBaseline,Persistent Decrease,Baseline sufficient; inflow decreased >= 20%; no meaningful recovery
8_100,100,8,5.674218137957286,5.652220443234629,2.3396266467114843,0.0,13.507907449360868,292,4,0.0136986301369863,Active,5.674218137957286,5.652220443234629,2.3396266467114843,0.0,13.507907449360868,4,0.0136986301369863,288,0.9863013698630136,7.221736491004479,7.223288440483437,2.193889197630374,54,7.221736491004479,7.223288440483437,2.193889197630374,54,1.0,SufficientBaseline,5.402475634607265,5.130257811440504,2.147809646798696,28,5.402475634607265,5.130257811440504,2.147809646798696,5.3125171809537255,5.35716852186372,2.2460806691699458,210,5.3125171809537255,5.35716852186372,2.2460806691699458,-1.8192608563972132,-0.2519145995791063,Decrease,1.8192608563972132,True,-1.8192608563972132,-0.2519145995791063,1.8192608563972132,-0.0899584536535398,1.8192608563972132,-0.0899584536535398,-0.0494478036710412,-0.0494478036710412,Calculated,SufficientBaseline,Persistent Decrease,Baseline sufficient; inflow decreased >= 20%; no meaningful recovery
9_24,24,9,29.706192176475973,27.736442443333228,9.393293481717008,12.504029755340891,60.87805590293397,292,0,0.0,Active,29.6791298378596,27.736442443333228,9.329175142891115,12.504029755340891,59.8637581550696,0,0.0,292,1.0,41.4438896989553,43.93729418358869,11.687094625162272,54,41.31798873279637,43.69223290104756,11.558203054487803,54,1.0,SufficientBaseline,31.294162300926438,31.58195436742076,6.291088780741187,28,31.219285575436466,31.396794232212606,6.2203296448956245,26.47619774934028,26.028020927897643,6.056761019395212,210,26.480926309389424,26.028020927897643,6.05882884941927,-10.09870315735991,-0.2444141998941011,Decrease,10.09870315735991,True,-10.09870315735991,-0.2444141998941011,10.09870315735991,-4.738359266047038,10.09870315735991,-4.738359266047038,-0.4692047277965323,-0.4692047277965323,Calculated,SufficientBaseline,Persistent Decrease,Baseline sufficient; inflow decreased >= 20%; no meaningful recovery
10_94,94,10,1.4287700000297472,1.434740119331317,1.492912477308136,0.0,6.727398865383689,292,122,0.4178082191780822,LowActivity,1.4287700000297472,1.434740119331317,1.492912477308136,0.0,6.727398865383689,122,0.4178082191780822,170,0.5821917808219178,1.8508658827415856,1.753389706274377,1.4632972643580886,54,1.8508658827415856,1.753389706274377,1.4632972643580886,41,0.7592592592592593,SufficientBaseline,1.274551416834789,1.4255583849087283,1.287653191793914,28,1.274551416834789,1.4255583849087283,1.287653191793914,1.3407935365203163,1.3043141213461222,1.5129614935854387,210,1.3407935365203163,1.3043141213461222,1.5129614935854387,-0.5763144659067969,-0.311375595217701,Decrease,0.5763144659067969,True,-0.5763144659067969,-0.311375595217701,0.5763144659067969,0.0662421196855276,0.5763144659067969,0.0662421196855276,,,NotAffected,SufficientBaseline,Persistent Decrease,Baseline sufficient; inflow decreased >= 20%; no meaningful recovery
11_62,62,11,1.4109151583633963,1.2897451029261835,1.6353857418079778,0.0,8.76825238255592,292,123,0.4212328767123288,LowActivity,1.4109151583633963,1.2897451029261835,1.6353857418079778,0.0,8.76825238255592,123,0.4212328767123288,169,0.5787671232876712,1.826880073130704,1.5151537108829711,1.871550104726844,54,1.826880073130704,1.5151537108829711,1.871550104726844,39,0.7222222222222222,SufficientBaseline,1.189389404315213,1.015627541795273,1.476894637672672,28,1.189389404315213,1.015627541795273,1.476894637672672,1.3334895189153704,1.1356205257632437,1.5800236299154014,210,1.3334895189153704,1.1356205257632437,1.5800236299154014,-0.6374906688154913,-0.3489504747419083,Decrease,0.6374906688154913,True,-0.6374906688154913,-0.3489504747419083,0.6374906688154913,0.1441001146001577,0.6374906688154913,0.1441001146001577,,,NotAffected,SufficientBaseline,Persistent Decrease,Baseline sufficient; inflow decreased >= 20%; no meaningful recovery
13_47,47,13,1.976054479934595,1.985072740825228,1.6483016502807308,0.0,6.60853657133392,292,88,0.3013698630136986,LowActivity,1.976054479934595,1.985072740825228,1.6483016502807308,0.0,6.60853657133392,88,0.3013698630136986,204,0.6986301369863014,3.126500850178435,3.0547421628877807,1.5361233215000374,54,3.126500850178435,3.0547421628877807,1.5361233215000374,50,0.925925925925926,SufficientBaseline,2.1028045667187225,2.218529527166509,1.4010522765681332,28,2.1028045667187225,2.218529527166509,1.4010522765681332,1.6633254017292476,1.6201428095630306,1.5774986078198354,210,1.6633254017292476,1.6201428095630306,1.5774986078198354,-1.0236962834597123,-0.3274255573611273,Decrease,1.0236962834597123,True,-1.0236962834597123,-0.3274255573611273,1.0236962834597123,-0.4394791649894749,1.0236962834597123,-0.4394791649894749,-0.4293062035003184,-0.4293062035003184,Calculated,SufficientBaseline,Persistent Decrease,Baseline sufficient; inflow decreased >= 20%; no meaningful recovery
14_48,48,14,2.1073968271046946,2.125182999187831,1.7152309334288107,0.0,8.574504839989874,292,80,0.273972602739726,Active,2.1073968271046946,2.125182999187831,1.7152309334288107,0.0,8.574504839989874,80,0.273972602739726,212,0.726027397260274,2.697278390350464,2.432284560875435,1.639668520942724,54,2.697278390350464,2.432284560875435,1.639668520942724,49,0.9074074074074074,SufficientBaseline,2.0416586565226926,2.166286900362679,1.5392904792882696,28,2.0416586565226926,2.166286900362679,1.5392904792882696,1.964478085966716,2.037830795050428,1.7313066305019045,210,1.964478085966716,2.037830795050428,1.7313066305019045,-0.6556197338277716,-0.2430671361818849,Decrease,0.6556197338277716,True,-0.6556197338277716,-0.2430671361818849,0.6556197338277716,-0.0771805705559767,0.6556197338277716,-0.0771805705559767,,,NotAffected,SufficientBaseline,Persistent Decrease,Baseline sufficient; inflow decreased >= 20%; no meaningful recovery
15_37,37,15,1.87032977219578,1.7033959910064844,1.3938436004368808,0.0,7.018659993107174,292,61,0.2089041095890411,Active,1.87032977219578,1.7033959910064844,1.3938436004368808,0.0,7.018659993107174,61,0.2089041095890411,231,0.791095890410959,2.384936948120889,2.497212654100707,1.4428372327267132,54,2.384936948120889,2.497212654100707,1.4428372327267132,48,0.8888888888888888,SufficientBaseline,1.8968114265142693,1.7486040129622469,1.5590940800898343,28,1.8968114265142693,1.7486040129622469,1.5590940800898343,1.734471325429715,1.6369123812568738,1.3326836644774405,210,1.734471325429715,1.6369123812568738,1.3326836644774405,-0.48812552160662,-0.2046701997682655,Decrease,0.48812552160662,True,-0.48812552160662,-0.2046701997682655,0.48812552160662,-0.1623401010845544,0.48812552160662,-0.1623401010845544,,,NotAffected,SufficientBaseline,Persistent Decrease,Baseline sufficient; inflow decreased >= 20%; no meaningful recovery
15_93,93,15,1.6431204528162435,1.7051301427367809,1.3940824543967942,0.0,5.584585328533287,292,95,0.3253424657534247,LowActivity,1.6431204528162435,1.7051301427367809,1.3940824543967942,0.0,5.584585328533287,95,0.3253424657534247,197,0.6746575342465754,1.917380573594708,2.021750354276581,1.3535125666814296,54,1.917380573594708,2.021750354276581,1.3535125666814296,42,0.7777777777777778,SufficientBaseline,1.3554233899189214,1.478308728060561,1.298050598160172,28,1.3554233899189214,1.478308728060561,1.298050598160172,1.6109560301452337,1.7344965607962206,1.4114414695931234,210,1.6109560301452337,1.7344965607962206,1.4114414695931234,-0.5619571836757862,-0.2930858857207613,Decrease,0.5619571836757862,True,-0.5619571836757862,-0.2930858857207613,0.5619571836757862,0.2555326402263123,0.5619571836757862,0.2555326402263123,,,NotAffected,SufficientBaseline,Persistent Decrease,Baseline sufficient; inflow decreased >= 20%; no meaningful recovery
15_99,99,15,0.963525600879907,1.037612967215339,0.9831348409437436,0.0,4.183851252019695,292,123,0.4212328767123288,LowActivity,0.963525600879907,1.037612967215339,0.9831348409437436,0.0,4.183851252019695,123,0.4212328767123288,169,0.5787671232876712,1.32207090686986,1.175679575432465,1.0621782247978342,54,1.32207090686986,1.175679575432465,1.0621782247978342,40,0.7407407407407407,SufficientBaseline,0.7339825709994627,0.0,0.9677873551239198,28,0.7339825709994627,0.0,0.9677873551239198,0.9019339737998832,0.9917320969133409,0.9458268960653896,210,0.9019339737998832,0.9917320969133409,0.9458268960653896,-0.5880883358703972,-0.444823596687985,Decrease,0.5880883358703972,True,-0.5880883358703972,-0.444823596687985,0.5880883358703972,0.1679514028004204,0.5880883358703972,0.1679514028004204,,,NotAffected,SufficientBaseline,Persistent Decrease,Baseline sufficient; inflow decreased >= 20%; no meaningful recovery
16_36,36,16,2.577889358109541,2.1679391747775743,2.219921933093401,0.0,10.666311972804372,292,60,0.2054794520547945,Active,2.577889358109541,2.1679391747775743,2.219921933093401,0.0,10.666311972804372,60,0.2054794520547945,232,0.7945205479452054,2.0964339140328385,1.6696088854420212,1.8581074077955948,54,2.0964339140328385,1.6696088854420212,1.8581074077955948,41,0.7592592592592593,SufficientBaseline,1.5083499228622657,1.2038769991060474,1.6416050381660927,28,1.5083499228622657,1.2038769991060474,1.6416050381660927,2.8442974446193783,2.4452921689739355,2.313746230293189,210,2.8442974446193783,2.4452921689739355,2.313746230293189,-0.5880839911705729,-0.2805163507583674,Decrease,0.5880839911705729,True,-0.5880839911705729,-0.2805163507583674,0.5880839911705729,1.3359475217571126,0.5880839911705729,1.3359475217571126,,,NotAffected,SufficientBaseline,Persistent Decrease,Baseline sufficient; inflow decreased >= 20%; no meaningful recovery
17_49,49,17,1.0464386492183806,1.0074354794541915,1.1905613513251605,0.0,5.053491541248692,292,142,0.4863013698630137,LowActivity,1.0464386492183806,1.0074354794541915,1.1905613513251605,0.0,5.053491541248692,142,0.4863013698630137,150,0.5136986301369864,1.186390918213789,1.0761156157946286,1.2840106832033076,54,1.186390918213789,1.0761156157946286,1.2840106832033076,30,0.5555555555555556,SufficientBaseline,0.8023052828006164,0.0,1.0543510096609123,28,0.8023052828006164,0.0,1.0543510096609123,1.0430020384276442,1.0074354794541915,1.1827104697841375,210,1.0430020384276442,1.0074354794541915,1.1827104697841375,-0.3840856354131726,-0.3237428991714179,Decrease,0.3840856354131726,True,-0.3840856354131726,-0.3237428991714179,0.3840856354131726,0.2406967556270277,0.3840856354131726,0.2406967556270277,,,NotAffected,SufficientBaseline,Persistent Decrease,Baseline sufficient; inflow decreased >= 20%; no meaningful recovery
17_95,95,17,1.324138398906199,1.3820460039934392,1.2347230594008831,0.0,6.142740051856971,292,103,0.3527397260273973,LowActivity,1.324138398906199,1.3820460039934392,1.2347230594008831,0.0,6.142740051856971,103,0.3527397260273973,189,0.6472602739726028,1.215769738880717,1.387924958912768,0.9862154932115538,54,1.215769738880717,1.387924958912768,0.9862154932115538,37,0.6851851851851852,SufficientBaseline,0.6121273693107524,0.0,0.8386832007124662,28,0.6121273693107524,0.0,0.8386832007124662,1.4469394297159537,1.4237133893564318,1.3034829240228798,210,1.4469394297159537,1.4237133893564318,1.3034829240228798,-0.6036423695699645,-0.4965104412992712,Decrease,0.6036423695699645,True,-0.6036423695699645,-0.4965104412992712,0.6036423695699645,0.8348120604052013,0.6036423695699645,0.8348120604052013,,,NotAffected,SufficientBaseline,Persistent Decrease,Baseline sufficient; inflow decreased >= 20%; no meaningful recovery
17_97,97,17,3.0326120034686284,2.843664913912231,1.5081766869386453,0.0,9.385615795513951,292,11,0.0376712328767123,Active,3.0326120034686284,2.843664913912231,1.5081766869386453,0.0,9.385615795513951,11,0.0376712328767123,281,0.9623287671232876,3.033726439890862,2.8672573988089933,1.1728575994077206,54,3.033726439890862,2.8672573988089933,1.1728575994077206,54,1.0,SufficientBaseline,2.360135500083765,2.466562797075804,1.1317464610402967,28,2.360135500083765,2.466562797075804,1.1317464610402967,3.1219889678875594,3.058604005601903,1.6075157388555843,210,3.1219889678875594,3.058604005601903,1.6075157388555843,-0.673590939807097,-0.2220341725443541,Decrease,0.673590939807097,True,-0.673590939807097,-0.2220341725443541,0.673590939807097,0.7618534678037943,0.673590939807097,0.7618534678037943,,,NotAffected,SufficientBaseline,Persistent Decrease,Baseline sufficient; inflow decreased >= 20%; no meaningful recovery
18_36,36,18,3.973714435189445,3.581118269910967,2.448498559103384,0.0,14.09013000422113,292,23,0.0787671232876712,Active,3.973714435189445,3.581118269910967,2.448498559103384,0.0,14.09013000422113,23,0.0787671232876712,269,0.9212328767123288,3.446544800266261,3.14996648213524,2.0415569271676035,54,3.446544800266261,3.14996648213524,2.0415569271676035,49,0.9074074074074074,SufficientBaseline,2.5455912627537773,2.5781288119640093,1.9986911667893568,28,2.5455912627537773,2.5781288119640093,1.9986911667893568,4.299688764303972,3.9526219491020345,2.514454377553331,210,4.299688764303972,3.9526219491020345,2.514454377553331,-0.9009535375124842,-0.2614077546425282,Decrease,0.9009535375124842,True,-0.9009535375124842,-0.2614077546425282,0.9009535375124842,1.7540975015501945,0.9009535375124842,1.7540975015501945,,,NotAffected,SufficientBaseline,Persistent Decrease,Baseline sufficient; inflow decreased >= 20%; no meaningful recovery
23_70,70,23,1.6063151659611294,1.417830285163414,1.4812634187596598,0.0,7.977178850790019,292,76,0.2602739726027397,Active,1.6081111305281457,1.417830285163414,1.4865084168271727,0.0,7.977178850790019,76,0.2602739726027397,216,0.7397260273972602,1.4887028635613604,1.4129664790664846,1.226107944410305,54,1.4887028635613604,1.4129664790664846,1.226107944410305,41,0.7592592592592593,SufficientBaseline,0.8208483383815085,1.06854691685527,0.7772100660416914,28,0.8208483383815085,1.06854691685527,0.7772100660416914,1.741287239779305,1.4958485834885242,1.5783540427492695,210,1.7437844857486802,1.4958485834885242,1.584990712140374,-0.6678545251798519,-0.4486150604843816,Decrease,0.6678545251798519,True,-0.6678545251798519,-0.4486150604843816,0.6678545251798519,0.9229361473671716,0.6678545251798519,0.9229361473671716,,,NotAffected,SufficientBaseline,Persistent Decrease,Baseline sufficient; inflow decreased >= 20%; no meaningful recovery
24_82,82,24,0.5499557188583316,0.0,1.0957529031507294,0.0,7.6840454272974865,292,220,0.7534246575342466,LowActivity,0.5499557188583316,0.0,1.0957529031507294,0.0,7.6840454272974865,220,0.7534246575342466,72,0.2465753424657534,1.337829894561661,1.0700098096069688,1.6504699596159786,54,1.337829894561661,1.0700098096069688,1.6504699596159786,28,0.5185185185185185,SufficientBaseline,0.651556664780055,0.0,1.1130444123644945,28,0.651556664780055,0.0,1.1130444123644945,0.333812709459341,0.0,0.7824390578557218,210,0.333812709459341,0.0,0.7824390578557218,-0.6862732297816057,-0.512974954866338,Decrease,0.6862732297816057,True,-0.6862732297816057,-0.512974954866338,0.6862732297816057,-0.317743955320714,0.6862732297816057,-0.317743955320714,,,NotAffected,SufficientBaseline,Persistent Decrease,Baseline sufficient; inflow decreased >= 20%; no meaningful recovery
24_95,95,24,0.7775448238320112,0.9880307007436842,0.807460548210109,0.0,3.5216903034445504,292,138,0.4726027397260274,LowActivity,0.7775448238320112,0.9880307007436842,0.807460548210109,0.0,3.5216903034445504,138,0.4726027397260274,154,0.5273972602739726,1.003073041858484,1.187683595907281,0.7648976337910377,54,1.003073041858484,1.187683595907281,0.7648976337910377,37,0.6851851851851852,SufficientBaseline,0.7174914233910391,0.509046923529094,0.7659754477024312,28,0.7174914233910391,0.509046923529094,0.7659754477024312,0.7275589735411429,0.0,0.8170068020766588,210,0.7275589735411429,0.0,0.8170068020766588,-0.285581618467445,-0.2847067028521892,Decrease,0.285581618467445,True,-0.285581618467445,-0.2847067028521892,0.285581618467445,0.0100675501501037,0.285581618467445,0.0100675501501037,,,NotAffected,SufficientBaseline,Persistent Decrease,Baseline sufficient; inflow decreased >= 20%; no meaningful recovery
25_37,37,25,3.354908077622469,3.3407250275757594,2.047961536130177,0.0,10.996992555399354,292,33,0.1130136986301369,Active,3.354908077622469,3.3407250275757594,2.047961536130177,0.0,10.996992555399354,33,0.1130136986301369,259,0.886986301369863,3.41878426519797,3.1609969259425714,1.845486106480574,54,3.41878426519797,3.1609969259425714,1.845486106480574,49,0.9074074074074074,SufficientBaseline,2.7177468431951626,2.5499889648153404,1.3913815542253405,28,2.7177468431951626,2.5499889648153404,1.3913815542253405,3.4234376035028857,3.3747679810208995,2.1600371321180374,210,3.4234376035028857,3.3747679810208995,2.1600371321180374,-0.7010374220028073,-0.205054594739751,Decrease,0.7010374220028073,True,-0.7010374220028073,-0.205054594739751,0.7010374220028073,0.7056907603077232,0.7010374220028073,0.7056907603077232,,,NotAffected,SufficientBaseline,Persistent Decrease,Baseline sufficient; inflow decreased >= 20%; no meaningful recovery
25_42,42,25,2.941548256225828,2.8664474137430296,1.995152453869717,0.0,9.968074194875706,292,39,0.1335616438356164,Active,2.941548256225828,2.8664474137430296,1.995152453869717,0.0,9.968074194875706,39,0.1335616438356164,253,0.8664383561643836,2.6096078465638524,2.62449203850925,1.67590183437498,54,2.6096078465638524,2.62449203850925,1.67590183437498,45,0.8333333333333334,SufficientBaseline,1.972203055606341,1.554451353058306,1.6224001552955625,28,1.972203055606341,1.554451353058306,1.6224001552955625,3.156150388316744,3.021910876588254,2.071111536055028,210,3.156150388316744,3.021910876588254,2.071111536055028,-0.6374047909575113,-0.2442530941178771,Decrease,0.6374047909575113,True,-0.6374047909575113,-0.2442530941178771,0.6374047909575113,1.1839473327104029,0.6374047909575113,1.1839473327104029,,,NotAffected,SufficientBaseline,Persistent Decrease,Baseline sufficient; inflow decreased >= 20%; no meaningful recovery
25_93,93,25,1.0945216856489637,0.9807041854156416,1.282236262598868,0.0,7.454419535221336,292,144,0.4931506849315068,LowActivity,1.0945216856489637,0.9807041854156416,1.282236262598868,0.0,7.454419535221336,144,0.4931506849315068,148,0.5068493150684932,1.147626743945398,1.1638794659818326,1.1946689049290478,54,1.147626743945398,1.1638794659818326,1.1946689049290478,31,0.5740740740740741,SufficientBaseline,0.2747274672034331,0.0,0.5883136453343377,28,0.2747274672034331,0.0,0.5883136453343377,1.1901719950226175,1.1356380519233849,1.3351379605773075,210,1.1901719950226175,1.1356380519233849,1.3351379605773075,-0.8728992767419649,-0.7606125261084852,Decrease,0.8728992767419649,True,-0.8728992767419649,-0.7606125261084852,0.8728992767419649,0.9154445278191846,0.8728992767419649,0.9154445278191846,,,NotAffected,SufficientBaseline,Persistent Decrease,Baseline sufficient; inflow decreased >= 20%; no meaningful recovery
25_96,96,25,1.2323291225822914,1.5056942271509144,0.9072676064450246,0.0,4.050393382430467,292,91,0.3116438356164384,LowActivity,1.2323291225822914,1.5056942271509144,0.9072676064450246,0.0,4.050393382430467,91,0.3116438356164384,201,0.6883561643835616,1.5174701313300931,1.5893389058638383,0.7940361221314483,54,1.5174701313300931,1.5893389058638383,0.7940361221314483,46,0.8518518518518519,SufficientBaseline,1.1908939057875152,1.4599026987627586,0.8178049519701941,28,1.1908939057875152,1.4599026987627586,0.8178049519701941,1.164531844476922,1.49003009281417,0.9348500837492724,210,1.164531844476922,1.49003009281417,0.9348500837492724,-0.3265762255425781,-0.2152109743710918,Decrease,0.3265762255425781,True,-0.3265762255425781,-0.2152109743710918,0.3265762255425781,-0.0263620613105932,0.3265762255425781,-0.0263620613105932,,,NotAffected,SufficientBaseline,Persistent Decrease,Baseline sufficient; inflow decreased >= 20%; no meaningful recovery
26_41,41,26,0.898948134223843,0.0,1.1103413661739927,0.0,4.581512381836294,292,156,0.5342465753424658,LowActivity,0.898948134223843,0.0,1.1103413661739927,0.0,4.581512381836294,156,0.5342465753424658,136,0.4657534246575342,1.5092499449118977,1.819152120880879,1.2657368816609438,54,1.5092499449118977,1.819152120880879,1.2657368816609438,35,0.6481481481481481,SufficientBaseline,0.8889855539628976,1.1098294106961903,0.8729832568118692,28,0.8889855539628976,1.1098294106961903,0.8729832568118692,0.7433417269388503,0.0,1.0446338973563714,210,0.7433417269388503,0.0,1.0446338973563714,-0.6202643909490001,-0.4109752616126204,Decrease,0.6202643909490001,True,-0.6202643909490001,-0.4109752616126204,0.6202643909490001,-0.1456438270240473,0.6202643909490001,-0.1456438270240473,,,NotAffected,SufficientBaseline,Persistent Decrease,Baseline sufficient; inflow decreased >= 20%; no meaningful recovery
26_42,42,26,1.1052995773622902,1.2807709034291526,1.1631539436607148,0.0,5.364002202435355,292,132,0.4520547945205479,LowActivity,1.1052995773622902,1.2807709034291526,1.1631539436607148,0.0,5.364002202435355,132,0.4520547945205479,160,0.547945205479452,1.2607071401297631,1.435919064006527,1.1045095160992398,54,1.2607071401297631,1.435919064006527,1.1045095160992398,36,0.6666666666666666,SufficientBaseline,0.9751930441149508,1.1747173535935358,0.9740465050694808,28,0.9751930441149508,1.1747173535935358,0.9740465050694808,1.082685170416966,1.0711650285218317,1.2011610130572066,210,1.082685170416966,1.0711650285218317,1.2011610130572066,-0.2855140960148123,-0.226471388101621,Decrease,0.2855140960148123,True,-0.2855140960148123,-0.226471388101621,0.2855140960148123,0.1074921263020152,0.2855140960148123,0.1074921263020152,,,NotAffected,SufficientBaseline,Persistent Decrease,Baseline sufficient; inflow decreased >= 20%; no meaningful recovery
26_70,70,26,1.5587147389816671,1.315862067083017,1.9164639044003384,0.0,22.51038560058834,292,110,0.3767123287671233,LowActivity,1.5587147389816671,1.315862067083017,1.9164639044003384,0.0,22.51038560058834,110,0.3767123287671233,182,0.6232876712328768,1.6305986860461457,1.5674269387796338,1.4386277457412882,54,1.6305986860461457,1.5674269387796338,1.4386277457412882,38,0.7037037037037037,SufficientBaseline,1.1503716804016837,1.1074825322628563,1.2174359436527584,28,1.1503716804016837,1.1074825322628563,1.2174359436527584,1.5946760365947994,1.2463357548545655,2.091067496739786,210,1.5946760365947994,1.2463357548545655,2.091067496739786,-0.4802270056444619,-0.2945096238295825,Decrease,0.4802270056444619,True,-0.4802270056444619,-0.2945096238295825,0.4802270056444619,0.4443043561931157,0.4802270056444619,0.4443043561931157,,,NotAffected,SufficientBaseline,Persistent Decrease,Baseline sufficient; inflow decreased >= 20%; no meaningful recovery
27_43,43,27,2.6244755743507304,2.332814003568081,1.96024149439384,0.0,8.455359207799052,292,50,0.1712328767123287,Active,2.5861884174445584,2.332814003568081,1.908756813284158,0.0,8.334667051485436,50,0.1712328767123287,242,0.8287671232876712,1.787349822035602,1.623238712404678,1.3200496906101995,54,1.7484010421254896,1.623238712404678,1.2535349285277535,42,0.7777777777777778,SufficientBaseline,1.1512960210747676,1.474102838588709,0.871733219725474,28,1.1512960210747676,1.474102838588709,0.871733219725474,3.0361604225257013,2.901344296986692,2.0415634413814625,210,2.9929384429949577,2.8773764185200386,1.9881480040896031,-0.597105021050722,-0.341514908001219,Decrease,0.597105021050722,True,-0.597105021050722,-0.341514908001219,0.597105021050722,1.84164242192019,0.597105021050722,1.84164242192019,,,NotAffected,SufficientBaseline,Persistent Decrease,Baseline sufficient; inflow decreased >= 20%; no meaningful recovery
28_58,58,28,0.9616683530973846,0.0,1.2579460941880312,0.0,6.376239449020355,292,159,0.5445205479452054,LowActivity,0.9616683530973846,0.0,1.2579460941880312,0.0,6.376239449020355,159,0.5445205479452054,133,0.4554794520547945,1.1228490511487943,1.09670632559064,1.193461513844693,54,1.1228490511487943,1.09670632559064,1.193461513844693,29,0.5370370370370371,SufficientBaseline,0.8445295221062544,0.0,1.0510869290712928,28,0.8445295221062544,0.0,1.0510869290712928,0.9358403986829824,0.0,1.3000547629604566,210,0.9358403986829824,0.0,1.3000547629604566,-0.2783195290425398,-0.2478690512832417,Decrease,0.2783195290425398,True,-0.2783195290425398,-0.2478690512832417,0.2783195290425398,0.0913108765767281,0.2783195290425398,0.0913108765767281,,,NotAffected,SufficientBaseline,Persistent Decrease,Baseline sufficient; inflow decreased >= 20%; no meaningful recovery
28_73,73,28,1.733281739826867,1.7368904554151596,1.5610039424015647,0.0,13.301558762127486,292,85,0.2910958904109589,Active,1.733281739826867,1.7368904554151596,1.5610039424015647,0.0,13.301558762127486,85,0.2910958904109589,207,0.708904109589041,2.0966869610835897,2.129710472785636,1.4119324441266237,54,2.0966869610835897,2.129710472785636,1.4119324441266237,44,0.8148148148148148,SufficientBaseline,1.2551551013196838,1.2554727006327353,1.438806838952203,28,1.2551551013196838,1.2554727006327353,1.438806838952203,1.7035849013999054,1.736184167652059,1.5981733749323046,210,1.7035849013999054,1.736184167652059,1.5981733749323046,-0.8415318597639059,-0.4013626618486688,Decrease,0.8415318597639059,True,-0.8415318597639059,-0.4013626618486688,0.8415318597639059,0.4484298000802216,0.8415318597639059,0.4484298000802216,,,NotAffected,SufficientBaseline,Persistent Decrease,Baseline sufficient; inflow decreased >= 20%; no meaningful recovery
29_38,38,29,3.1337550602164788,3.0668784705878265,1.948406978552139,0.0,8.445488935825244,292,36,0.1232876712328767,Active,3.1337550602164788,3.0668784705878265,1.948406978552139,0.0,8.445488935825244,36,0.1232876712328767,256,0.8767123287671232,3.3447339912735803,3.266509900051826,1.554261086882348,54,3.3447339912735803,3.266509900051826,1.554261086882348,52,0.9629629629629628,SufficientBaseline,2.39599920720504,2.0239852707347312,1.8165604281142749,28,2.39599920720504,2.0239852707347312,1.8165604281142749,3.177870782155702,3.0668784705878265,2.039722026307878,210,3.177870782155702,3.0668784705878265,2.039722026307878,-0.9487347840685404,-0.2836502952234144,Decrease,0.9487347840685404,True,-0.9487347840685404,-0.2836502952234144,0.9487347840685404,0.781871574950662,0.9487347840685404,0.781871574950662,,,NotAffected,SufficientBaseline,Persistent Decrease,Baseline sufficient; inflow decreased >= 20%; no meaningful recovery
31_42,42,31,1.6012797686071096,1.3393628763605578,1.367446175000595,0.0,9.851954191458107,292,74,0.2534246575342466,Active,1.6012797686071096,1.3393628763605578,1.367446175000595,0.0,9.851954191458107,74,0.2534246575342466,218,0.7465753424657534,1.4789606075934658,1.3053251377034942,1.124738645745922,54,1.4789606075934658,1.3053251377034942,1.124738645745922,42,0.7777777777777778,SufficientBaseline,1.036474195930286,0.9679572127431544,1.1474838679210977,28,1.036474195930286,0.9679572127431544,1.1474838679210977,1.7080406768437182,1.3827019935721565,1.4333877568658009,210,1.7080406768437182,1.3827019935721565,1.4333877568658009,-0.4424864116631797,-0.299187422160746,Decrease,0.4424864116631797,True,-0.4424864116631797,-0.299187422160746,0.4424864116631797,0.6715664809134321,0.4424864116631797,0.6715664809134321,,,NotAffected,SufficientBaseline,Persistent Decrease,Baseline sufficient; inflow decreased >= 20%; no meaningful recovery
31_96,96,31,3.250133531389417,3.1451826843479505,1.69227735962266,0.0,10.083433288078968,292,16,0.0547945205479452,Active,3.250133531389417,3.1451826843479505,1.69227735962266,0.0,10.083433288078968,16,0.0547945205479452,276,0.9452054794520548,3.176159291009029,2.8901170841108863,1.7841998868090692,54,3.176159291009029,2.8901170841108863,1.7841998868090692,51,0.9444444444444444,SufficientBaseline,2.364910266277703,2.243301497981647,1.3026854996446846,28,2.364910266277703,2.243301497981647,1.3026854996446846,3.387185247597364,3.234817263609876,1.6839347255320385,210,3.387185247597364,3.234817263609876,1.6839347255320385,-0.811249024731326,-0.255418242727241,Decrease,0.811249024731326,True,-0.811249024731326,-0.255418242727241,0.811249024731326,1.022274981319661,0.811249024731326,1.022274981319661,,,NotAffected,SufficientBaseline,Persistent Decrease,Baseline sufficient; inflow decreased >= 20%; no meaningful recovery
33_92,92,33,1.055249378810584,0.0,1.3292548150349417,0.0,5.157337657180136,292,156,0.5342465753424658,LowActivity,1.055249378810584,0.0,1.3292548150349417,0.0,5.157337657180136,156,0.5342465753424658,136,0.4657534246575342,1.154191371362859,1.128762563914932,1.309632442503917,54,1.154191371362859,1.128762563914932,1.309632442503917,29,0.5370370370370371,SufficientBaseline,0.4966569042137563,0.0,0.8569528212283356,28,0.4966569042137563,0.0,0.8569528212283356,1.104286148767195,0.0,1.3724436339347812,210,1.104286148767195,0.0,1.3724436339347812,-0.657534467149103,-0.5696927593321824,Decrease,0.657534467149103,True,-0.657534467149103,-0.5696927593321824,0.657534467149103,0.6076292445534388,0.657534467149103,0.6076292445534388,,,NotAffected,SufficientBaseline,Persistent Decrease,Baseline sufficient; inflow decreased >= 20%; no meaningful recovery
34_91,91,34,0.8591251005590146,0.0,1.148282807831314,0.0,4.199932256355076,292,176,0.6027397260273972,LowActivity,0.8591251005590146,0.0,1.148282807831314,0.0,4.199932256355076,176,0.6027397260273972,116,0.3972602739726027,1.1127038874972206,1.3139913211873888,1.1114113999496438,54,1.1127038874972206,1.3139913211873888,1.1114113999496438,30,0.5555555555555556,SufficientBaseline,0.7246763635034265,0.0,1.1207916674382303,28,0.7246763635034265,0.0,1.1207916674382303,0.8118456250489829,0.0,1.1571847342691266,210,0.8118456250489829,0.0,1.1571847342691266,-0.3880275239937941,-0.348724874922991,Decrease,0.3880275239937941,True,-0.3880275239937941,-0.348724874922991,0.3880275239937941,0.0871692615455564,0.3880275239937941,0.0871692615455564,,,NotAffected,SufficientBaseline,Persistent Decrease,Baseline sufficient; inflow decreased >= 20%; no meaningful recovery
35_69,69,35,0.7784993942657092,0.0,1.2510046312480425,0.0,6.895826298331482,292,188,0.6438356164383562,LowActivity,0.7784993942657092,0.0,1.2510046312480425,0.0,6.895826298331482,188,0.6438356164383562,104,0.3561643835616438,1.1857738794184232,1.0803950140439498,1.450521505299255,54,1.1857738794184232,1.0803950140439498,1.450521505299255,29,0.5370370370370371,SufficientBaseline,0.8156928567645368,0.0,1.2594846957563688,28,0.8156928567645368,0.0,1.2594846957563688,0.6688125411789773,0.0,1.1770400082663257,210,0.6688125411789773,0.0,1.1770400082663257,-0.3700810226538863,-0.3121008390194907,Decrease,0.3700810226538863,True,-0.3700810226538863,-0.3121008390194907,0.3700810226538863,-0.1468803155855595,0.3700810226538863,-0.1468803155855595,,,NotAffected,SufficientBaseline,Persistent Decrease,Baseline sufficient; inflow decreased >= 20%; no meaningful recovery
39_50,50,39,1.1705215035321384,1.217776363366554,1.3072689652876552,0.0,7.616232059755192,292,136,0.4657534246575342,LowActivity,1.1705215035321384,1.217776363366554,1.3072689652876552,0.0,7.616232059755192,136,0.4657534246575342,156,0.5342465753424658,1.343872605254104,1.5693925394119592,1.2636503961453145,54,1.343872605254104,1.5693925394119592,1.2636503961453145,32,0.5925925925925926,SufficientBaseline,0.990705305635713,0.0,1.272509560608927,28,0.990705305635713,0.0,1.272509560608927,1.1499209989993469,1.205506943706819,1.32393542185725,210,1.1499209989993469,1.205506943706819,1.32393542185725,-0.3531672996183911,-0.2627981984584119,Decrease,0.3531672996183911,True,-0.3531672996183911,-0.2627981984584119,0.3531672996183911,0.1592156933636338,0.3531672996183911,0.1592156933636338,,,NotAffected,SufficientBaseline,Persistent Decrease,Baseline sufficient; inflow decreased >= 20%; no meaningful recovery
39_89,89,39,0.9426852085888768,0.0,1.159221976045966,0.0,5.7161824948412185,292,153,0.523972602739726,LowActivity,0.9426852085888768,0.0,1.159221976045966,0.0,5.7161824948412185,153,0.523972602739726,139,0.476027397260274,1.1019921322637125,1.1602655333345533,1.131953833918883,54,1.1019921322637125,1.1602655333345533,1.131953833918883,30,0.5555555555555556,SufficientBaseline,0.6377112417890842,0.0,0.8512077716544482,28,0.6377112417890842,0.0,0.8512077716544482,0.9423837666457964,0.0,1.1972793798941423,210,0.9423837666457964,0.0,1.1972793798941423,-0.4642808904746283,-0.4213105310660452,Decrease,0.4642808904746283,True,-0.4642808904746283,-0.4213105310660452,0.4642808904746283,0.304672524856712,0.4642808904746283,0.304672524856712,,,NotAffected,SufficientBaseline,Persistent Decrease,Baseline sufficient; inflow decreased >= 20%; no meaningful recovery
39_91,91,39,4.192830937761505,4.037924988252794,2.1975232931827304,0.0,13.479405240357174,292,11,0.0376712328767123,Active,4.192830937761505,4.037924988252794,2.1975232931827304,0.0,13.479405240357174,11,0.0376712328767123,281,0.9623287671232876,5.528249289243494,5.021244615695398,2.0526471371672934,54,5.528249289243494,5.021244615695398,2.0526471371672934,54,1.0,SufficientBaseline,4.118159922800214,4.112565481084772,1.6989983635253272,28,4.118159922800214,4.112565481084772,1.6989983635253272,3.859393782708593,3.7351466596650464,2.1700660025170464,210,3.859393782708593,3.7351466596650464,2.1700660025170464,-1.4100893664432794,-0.2550697865935494,Decrease,1.4100893664432794,True,-1.4100893664432794,-0.2550697865935494,1.4100893664432794,-0.258766140091621,1.4100893664432794,-0.258766140091621,-0.1835104541950532,-0.1835104541950532,Calculated,SufficientBaseline,Persistent Decrease,Baseline sufficient; inflow decreased >= 20%; no meaningful recovery
39_99,99,39,2.1681626812403296,2.0519609052009877,1.5640985458897594,0.0,7.384369827326104,292,50,0.1712328767123287,Active,2.1681626812403296,2.0519609052009877,1.5640985458897594,0.0,7.384369827326104,50,0.1712328767123287,242,0.8287671232876712,2.265801660038608,2.063088736390231,1.6891655013304572,54,2.265801660038608,2.063088736390231,1.6891655013304572,43,0.7962962962962963,SufficientBaseline,1.7188641514629652,1.8370276446824891,0.9241902957255694,28,1.7188641514629652,1.8370276446824891,0.9241902957255694,2.2029619859006115,2.0701815192047865,1.5942433826308686,210,2.2029619859006115,2.0701815192047865,1.5942433826308686,-0.5469375085756427,-0.2413880783220554,Decrease,0.5469375085756427,True,-0.5469375085756427,-0.2413880783220554,0.5469375085756427,0.4840978344376463,0.5469375085756427,0.4840978344376463,,,NotAffected,SufficientBaseline,Persistent Decrease,Baseline sufficient; inflow decreased >= 20%; no meaningful recovery
40_41,41,40,1.7519475613986557,1.7575218526704706,1.551909836068355,0.0,7.016573837963446,292,96,0.3287671232876712,LowActivity,1.7519475613986557,1.7575218526704706,1.551909836068355,0.0,7.016573837963446,96,0.3287671232876712,196,0.6712328767123288,1.839063044131727,1.7871595421770412,1.443092550106971,54,1.839063044131727,1.7871595421770412,1.443092550106971,39,0.7222222222222222,SufficientBaseline,1.4423441690535344,1.5277965248190175,1.5204711572393466,28,1.4423441690535344,1.5277965248190175,1.5204711572393466,1.7708268895799777,1.7575218526704706,1.58475091401692,210,1.7708268895799777,1.7575218526704706,1.58475091401692,-0.3967188750781927,-0.2157179311193732,Decrease,0.3967188750781927,True,-0.3967188750781927,-0.2157179311193732,0.3967188750781927,0.3284827205264431,0.3967188750781927,0.3284827205264431,,,NotAffected,SufficientBaseline,Persistent Decrease,Baseline sufficient; inflow decreased >= 20%; no meaningful recovery
40_87,87,40,3.12380770743024,2.759328406212526,2.260027998673205,0.0,11.073595574758755,292,37,0.1267123287671233,Active,3.12380770743024,2.759328406212526,2.260027998673205,0.0,11.073595574758755,37,0.1267123287671233,255,0.8732876712328768,2.8582121428884038,2.7234210058066357,2.0674526768277937,54,2.8582121428884038,2.7234210058066357,2.0674526768277937,42,0.7777777777777778,SufficientBaseline,2.159207662263106,2.0198912652508154,1.4772444341552335,28,2.159207662263106,2.0198912652508154,1.4772444341552335,3.320717049096616,2.876506894053016,2.358819590860413,210,3.320717049096616,2.876506894053016,2.358819590860413,-0.6990044806252973,-0.2445600416206017,Decrease,0.6990044806252973,True,-0.6990044806252973,-0.2445600416206017,0.6990044806252973,1.1615093868335098,0.6990044806252973,1.1615093868335098,,,NotAffected,SufficientBaseline,Persistent Decrease,Baseline sufficient; inflow decreased >= 20%; no meaningful recovery
42_96,96,42,1.0895672464223165,1.06939867532415,1.2275900526832726,0.0,5.889384799263566,292,138,0.4726027397260274,LowActivity,1.0895672464223165,1.06939867532415,1.2275900526832726,0.0,5.889384799263566,138,0.4726027397260274,154,0.5273972602739726,1.3540416266428337,1.392345659422341,1.2591016151525136,54,1.3540416266428337,1.392345659422341,1.2591016151525136,35,0.6481481481481481,SufficientBaseline,0.9515176572066514,0.0,1.2330228890605488,28,0.9515176572066514,0.0,1.2330228890605488,1.0399661605467485,0.9639515675203896,1.2151965019024464,210,1.0399661605467485,0.9639515675203896,1.2151965019024464,-0.4025239694361823,-0.2972759193778901,Decrease,0.4025239694361823,True,-0.4025239694361823,-0.2972759193778901,0.4025239694361823,0.0884485033400969,0.4025239694361823,0.0884485033400969,,,NotAffected,SufficientBaseline,Persistent Decrease,Baseline sufficient; inflow decreased >= 20%; no meaningful recovery
43_40,40,43,3.560025659572354,3.4002580435984724,2.074713370628842,0.0,13.850869901207377,292,19,0.0650684931506849,Active,3.560025659572354,3.4002580435984724,2.074713370628842,0.0,13.850869901207377,19,0.0650684931506849,273,0.934931506849315,3.8653007426859833,3.765500108403247,1.9649329154439343,54,3.8653007426859833,3.765500108403247,1.9649329154439343,52,0.9629629629629628,SufficientBaseline,2.9520955899298094,2.706835214800817,1.2510091597199078,28,2.9520955899298094,2.706835214800817,1.2510091597199078,3.5625836951049985,3.40686995736566,2.1767828334718207,210,3.5625836951049985,3.40686995736566,2.1767828334718207,-0.913205152756174,-0.2362572057256251,Decrease,0.913205152756174,True,-0.913205152756174,-0.2362572057256251,0.913205152756174,0.6104881051751891,0.913205152756174,0.6104881051751891,,,NotAffected,SufficientBaseline,Persistent Decrease,Baseline sufficient; inflow decreased >= 20%; no meaningful recovery
44_39,39,44,0.9739791839989612,0.0,1.2670040402114144,0.0,5.743567779023447,292,159,0.5445205479452054,LowActivity,0.9739791839989612,0.0,1.2670040402114144,0.0,5.743567779023447,159,0.5445205479452054,133,0.4554794520547945,1.3231754939289602,1.171210217696438,1.473478569239571,54,1.3231754939289602,1.171210217696438,1.473478569239571,30,0.5555555555555556,SufficientBaseline,0.8897458165160759,0.0,1.1454546678526556,28,0.8897458165160759,0.0,1.1454546678526556,0.8954169628242035,0.0,1.2150697818571872,210,0.8954169628242035,0.0,1.2150697818571872,-0.4334296774128843,-0.3275677938425866,Decrease,0.4334296774128843,True,-0.4334296774128843,-0.3275677938425866,0.4334296774128843,0.0056711463081275,0.4334296774128843,0.0056711463081275,,,NotAffected,SufficientBaseline,Persistent Decrease,Baseline sufficient; inflow decreased >= 20%; no meaningful recovery
44_44,44,44,2.348765044406276,2.290679311038524,1.85925616526322,0.0,8.379402667296842,292,67,0.2294520547945205,Active,2.348765044406276,2.290679311038524,1.85925616526322,0.0,8.379402667296842,67,0.2294520547945205,225,0.7705479452054794,2.6031600276444067,2.54362424708751,2.157062321836968,54,2.6031600276444067,2.54362424708751,2.157062321836968,41,0.7592592592592593,SufficientBaseline,1.7104524148265186,1.5211917249680065,1.588013601907012,28,1.7104524148265186,1.5211917249680065,1.588013601907012,2.3684575421842484,2.32761433215107,1.7988048866477435,210,2.3684575421842484,2.32761433215107,1.7988048866477435,-0.8927076128178881,-0.3429322835852305,Decrease,0.8927076128178881,True,-0.8927076128178881,-0.3429322835852305,0.8927076128178881,0.6580051273577299,0.8927076128178881,0.6580051273577299,,,NotAffected,SufficientBaseline,Persistent Decrease,Baseline sufficient; inflow decreased >= 20%; no meaningful recovery
44_51,51,44,3.733790370705737,3.685624352292297,2.107547473622301,0.0,10.210306937641866,292,23,0.0787671232876712,Active,3.733790370705737,3.685624352292297,2.107547473622301,0.0,10.210306937641866,23,0.0787671232876712,269,0.9212328767123288,5.835277217105297,5.795278088069217,1.8977158133915064,54,5.835277217105297,5.795278088069217,1.8977158133915064,54,1.0,SufficientBaseline,3.512912494055699,3.239587178455252,1.8628664164257025,28,3.512912494055699,3.239587178455252,1.8628664164257025,3.2228584223277603,3.1676346605853363,1.8474336964787887,210,3.2228584223277603,3.1676346605853363,1.8474336964787887,-2.322364723049598,-0.3979870427135683,Decrease,2.322364723049598,True,-2.322364723049598,-0.3979870427135683,2.322364723049598,-0.2900540717279387,2.322364723049598,-0.2900540717279387,-0.1248960031338471,-0.1248960031338471,Calculated,SufficientBaseline,Persistent Decrease,Baseline sufficient; inflow decreased >= 20%; no meaningful recovery
45_37,37,45,1.6424850757589775,1.5292405674169405,1.3551528753743902,0.0,6.060112169900431,292,77,0.2636986301369863,Active,1.6424850757589775,1.5292405674169405,1.3551528753743902,0.0,6.060112169900431,77,0.2636986301369863,215,0.7363013698630136,1.684276837686438,1.4763597484788216,1.086649100918748,54,1.684276837686438,1.4763597484788216,1.086649100918748,46,0.8518518518518519,SufficientBaseline,1.129037521783603,1.1848468946541906,1.2115094340977144,28,1.129037521783603,1.1848468946541906,1.2115094340977144,1.7001982965553,1.5825317132730787,1.424354702603383,210,1.7001982965553,1.5825317132730787,1.424354702603383,-0.5552393159028348,-0.3296603643053861,Decrease,0.5552393159028348,True,-0.5552393159028348,-0.3296603643053861,0.5552393159028348,0.5711607747716969,0.5552393159028348,0.5711607747716969,,,NotAffected,SufficientBaseline,Persistent Decrease,Baseline sufficient; inflow decreased >= 20%; no meaningful recovery
46_46,46,46,0.9271635726961248,0.0,1.3621531738847594,0.0,9.201118837003133,292,171,0.5856164383561644,LowActivity,0.9271635726961248,0.0,1.3621531738847594,0.0,9.201118837003133,171,0.5856164383561644,121,0.4143835616438356,1.337738269875954,1.1530091539963505,1.7676140047827338,54,1.337738269875954,1.1530091539963505,1.7676140047827338,29,0.5370370370370371,SufficientBaseline,0.816489231524698,0.0,1.253727529781893,28,0.816489231524698,0.0,1.253727529781893,0.8363438008155969,0.0,1.2387782296982683,210,0.8363438008155969,0.0,1.2387782296982683,-0.5212490383512561,-0.3896494927962183,Decrease,0.5212490383512561,True,-0.5212490383512561,-0.3896494927962183,0.5212490383512561,0.0198545692908989,0.5212490383512561,0.0198545692908989,,,NotAffected,SufficientBaseline,Persistent Decrease,Baseline sufficient; inflow decreased >= 20%; no meaningful recovery
47_36,36,47,1.485321367951247,1.3026533262987288,1.5006414392281244,0.0,5.870133429544596,292,117,0.4006849315068493,LowActivity,1.485321367951247,1.3026533262987288,1.5006414392281244,0.0,5.870133429544596,117,0.4006849315068493,175,0.5993150684931506,1.7641330237830914,1.7936331103080196,1.588792535558809,54,1.7641330237830914,1.7936331103080196,1.588792535558809,35,0.6481481481481481,SufficientBaseline,1.3775686209513327,1.0415373058817172,1.6371311229290668,28,1.3775686209513327,1.0415373058817172,1.6371311229290668,1.4279939750992374,1.292676312571467,1.4574439858800192,210,1.4279939750992374,1.292676312571467,1.4574439858800192,-0.3865644028317587,-0.2191242937013851,Decrease,0.3865644028317587,True,-0.3865644028317587,-0.2191242937013851,0.3865644028317587,0.0504253541479047,0.3865644028317587,0.0504253541479047,,,NotAffected,SufficientBaseline,Persistent Decrease,Baseline sufficient; inflow decreased >= 20%; no meaningful recovery
47_40,40,47,0.505157573839833,0.0,1.088434660145918,0.0,7.1858529913390745,292,225,0.7705479452054794,LowActivity,0.505157573839833,0.0,1.088434660145918,0.0,7.1858529913390745,225,0.7705479452054794,67,0.2294520547945205,1.5297186707320718,1.5368191090403451,1.4631516759820256,54,1.5297186707320718,1.5368191090403451,1.4631516759820256,35,0.6481481481481481,SufficientBaseline,0.6169790720627935,0.0,1.722554990857717,28,0.6169790720627935,0.0,1.722554990857717,0.2267894729711481,0.0,0.6103551951773758,210,0.2267894729711481,0.0,0.6103551951773758,-0.9127395986692785,-0.5966715423774438,Decrease,0.9127395986692785,True,-0.9127395986692785,-0.5966715423774438,0.9127395986692785,-0.3901895990916453,0.9127395986692785,-0.3901895990916453,,,NotAffected,SufficientBaseline,Persistent Decrease,Baseline sufficient; inflow decreased >= 20%; no meaningful recovery
47_42,42,47,1.072396738237541,0.0,1.3664450163826356,0.0,7.182776183390303,292,153,0.523972602739726,LowActivity,1.072396738237541,0.0,1.3664450163826356,0.0,7.182776183390303,153,0.523972602739726,139,0.476027397260274,1.53031821688776,1.4843412339939026,1.521238753059326,54,1.53031821688776,1.4843412339939026,1.521238753059326,34,0.6296296296296297,SufficientBaseline,0.7446108001173627,0.0,1.1637289196341325,28,0.7446108001173627,0.0,1.1637289196341325,0.9983502926196988,0.0,1.328105866185202,210,0.9983502926196988,0.0,1.328105866185202,-0.7857074167703973,-0.5134274741682856,Decrease,0.7857074167703973,True,-0.7857074167703973,-0.5134274741682856,0.7857074167703973,0.2537394925023361,0.7857074167703973,0.2537394925023361,,,NotAffected,SufficientBaseline,Persistent Decrease,Baseline sufficient; inflow decreased >= 20%; no meaningful recovery
48_38,38,48,2.0310626712385966,1.9305585628743327,1.5433275180758417,0.0,7.572708991673442,292,66,0.2260273972602739,Active,2.0310626712385966,1.9305585628743327,1.5433275180758417,0.0,7.572708991673442,66,0.2260273972602739,226,0.773972602739726,2.8078062492507114,2.52394075798537,1.7554054688293916,54,2.8078062492507114,2.52394075798537,1.7554054688293916,48,0.8888888888888888,SufficientBaseline,2.0665397113959325,2.215844762131409,1.1722672911196823,28,2.0665397113959325,2.215844762131409,1.1722672911196823,1.8265983363002176,1.7816647190532295,1.4694764847907182,210,1.8265983363002176,1.7816647190532295,1.4694764847907182,-0.7412665378547789,-0.2640020257995339,Decrease,0.7412665378547789,True,-0.7412665378547789,-0.2640020257995339,0.7412665378547789,-0.2399413750957146,0.7412665378547789,-0.2399413750957146,,,NotAffected,SufficientBaseline,Persistent Decrease,Baseline sufficient; inflow decreased >= 20%; no meaningful recovery
49_42,42,49,0.7963363536457814,0.0,1.210817668004641,0.0,5.58100103864462,292,186,0.636986301369863,LowActivity,0.7963363536457814,0.0,1.210817668004641,0.0,5.58100103864462,186,0.636986301369863,106,0.363013698630137,1.2318126728430914,1.0145360768385487,1.4550782354979928,54,1.2318126728430914,1.0145360768385487,1.4550782354979928,28,0.5185185185185185,SufficientBaseline,0.6282379117912481,0.0,1.2234361241939182,28,0.6282379117912481,0.0,1.2234361241939182,0.7067698542899347,0.0,1.1181085344287467,210,0.7067698542899347,0.0,1.1181085344287467,-0.6035747610518433,-0.4899890822350118,Decrease,0.6035747610518433,True,-0.6035747610518433,-0.4899890822350118,0.6035747610518433,0.0785319424986865,0.6035747610518433,0.0785319424986865,,,NotAffected,SufficientBaseline,Persistent Decrease,Baseline sufficient; inflow decreased >= 20%; no meaningful recovery
50_35,35,50,3.269248872173885,3.010760978754602,1.782487224340572,0.0,10.628889701729271,292,14,0.047945205479452,Active,3.269248872173885,3.010760978754602,1.782487224340572,0.0,10.628889701729271,14,0.047945205479452,278,0.952054794520548,2.4852328391222387,2.496213794968986,1.573876087436423,54,2.4852328391222387,2.496213794968986,1.573876087436423,48,0.8888888888888888,SufficientBaseline,1.6325111444706129,1.6976627026405713,1.4055052724649897,28,1.6325111444706129,1.6976627026405713,1.4055052724649897,3.689084691985697,3.343284422797565,1.6869084669209848,210,3.689084691985697,3.343284422797565,1.6869084669209848,-0.8527216946516258,-0.343115414068325,Decrease,0.8527216946516258,True,-0.8527216946516258,-0.343115414068325,0.8527216946516258,2.056573547515084,0.8527216946516258,2.056573547515084,,,NotAffected,SufficientBaseline,Persistent Decrease,Baseline sufficient; inflow decreased >= 20%; no meaningful recovery
51_52,52,51,2.659304209814393,2.6011829158725406,1.8866525517789583,0.0,11.335430070844737,292,47,0.160958904109589,Active,2.659304209814393,2.6011829158725406,1.8866525517789583,0.0,11.335430070844737,47,0.160958904109589,245,0.839041095890411,3.5345299388707425,3.393122180231978,1.866406287578498,54,3.5345299388707425,3.393122180231978,1.866406287578498,50,0.925925925925926,SufficientBaseline,2.579603473180529,2.26905853449034,2.2649653420938787,28,2.579603473180529,2.26905853449034,2.2649653420938787,2.4448729300844194,2.3224377753408643,1.7790210891002232,210,2.4448729300844194,2.3224377753408643,1.7790210891002232,-0.9549264656902134,-0.270170710732558,Decrease,0.9549264656902134,True,-0.9549264656902134,-0.270170710732558,0.9549264656902134,-0.1347305430961096,0.9549264656902134,-0.1347305430961096,,,NotAffected,SufficientBaseline,Persistent Decrease,Baseline sufficient; inflow decreased >= 20%; no meaningful recovery
53_41,41,53,1.179375564565397,1.0279190809359942,1.3905401301371414,0.0,6.5224589932224815,292,143,0.4897260273972603,LowActivity,1.179375564565397,1.0279190809359942,1.3905401301371414,0.0,6.5224589932224815,143,0.4897260273972603,149,0.5102739726027398,1.3159635033253367,1.353567412445815,1.3558676478855032,54,1.3159635033253367,1.353567412445815,1.3558676478855032,32,0.5925925925925926,SufficientBaseline,0.618223871531324,0.0,1.260192787341469,28,0.618223871531324,0.0,1.260192787341469,1.219073177479289,1.110571063438007,1.4043856534799697,210,1.219073177479289,1.110571063438007,1.4043856534799697,-0.6977396317940128,-0.5302119929852761,Decrease,0.6977396317940128,True,-0.6977396317940128,-0.5302119929852761,0.6977396317940128,0.6008493059479649,0.6977396317940128,0.6008493059479649,,,NotAffected,SufficientBaseline,Persistent Decrease,Baseline sufficient; inflow decreased >= 20%; no meaningful recovery
54_50,50,54,1.858581126574128,1.8132317402775544,1.7119640238100298,0.0,9.436271561077008,292,94,0.3219178082191781,LowActivity,1.858581126574128,1.8132317402775544,1.7119640238100298,0.0,9.436271561077008,94,0.3219178082191781,198,0.678082191780822,1.5346401980715425,1.2371557007210907,1.5855261626340278,54,1.5346401980715425,1.2371557007210907,1.5855261626340278,32,0.5925925925925926,SufficientBaseline,0.8317516269791164,0.0,1.2655374885937647,28,0.8317516269791164,0.0,1.2655374885937647,2.078790822420794,1.9460599805610037,1.7375904369976602,210,2.078790822420794,1.9460599805610037,1.7375904369976602,-0.7028885710924261,-0.4580152220538006,Decrease,0.7028885710924261,True,-0.7028885710924261,-0.4580152220538006,0.7028885710924261,1.2470391954416775,0.7028885710924261,1.2470391954416775,,,NotAffected,SufficientBaseline,Persistent Decrease,Baseline sufficient; inflow decreased >= 20%; no meaningful recovery
54_52,52,54,0.8163132205429733,0.0,1.1833833579795563,0.0,9.074945521139018,292,173,0.5924657534246576,LowActivity,0.8163132205429733,0.0,1.1833833579795563,0.0,9.074945521139018,173,0.5924657534246576,119,0.4075342465753425,1.037100658463783,1.3023286100838334,1.050700872893713,54,1.037100658463783,1.3023286100838334,1.050700872893713,30,0.5555555555555556,SufficientBaseline,0.6290830025530764,0.0,1.0311779621226704,28,0.6290830025530764,0.0,1.0311779621226704,0.7845033370000847,0.0,1.2305297364908363,210,0.7845033370000847,0.0,1.2305297364908363,-0.4080176559107066,-0.393421460666207,Decrease,0.4080176559107066,True,-0.4080176559107066,-0.393421460666207,0.4080176559107066,0.1554203344470083,0.4080176559107066,0.1554203344470083,,,NotAffected,SufficientBaseline,Persistent Decrease,Baseline sufficient; inflow decreased >= 20%; no meaningful recovery
55_36,36,55,0.316900647039147,0.0,0.688312572358139,0.0,3.858940518508476,292,236,0.8082191780821918,LowActivity,0.316900647039147,0.0,0.688312572358139,0.0,3.858940518508476,236,0.8082191780821918,56,0.1917808219178082,1.2140967094758168,1.408007104898434,0.784942231940749,54,1.2140967094758168,1.408007104898434,0.784942231940749,41,0.7592592592592593,SufficientBaseline,0.8057966531993309,0.0,1.0426077087122143,28,0.8057966531993309,0.0,1.0426077087122143,0.0210069539721693,0.0,0.1871055267508429,210,0.0210069539721693,0.0,0.1871055267508429,-0.4083000562764859,-0.3362994505213414,Decrease,0.4083000562764859,True,-0.4083000562764859,-0.3362994505213414,0.4083000562764859,-0.7847896992271616,0.4083000562764859,-0.7847896992271616,,,NotAffected,SufficientBaseline,Persistent Decrease,Baseline sufficient; inflow decreased >= 20%; no meaningful recovery
55_39,39,55,0.3852047860678569,0.0,0.8350898800561812,0.0,4.40566680171178,292,233,0.797945205479452,LowActivity,0.3852047860678569,0.0,0.8350898800561812,0.0,4.40566680171178,233,0.797945205479452,59,0.2020547945205479,1.0170396993191255,1.020870217127805,1.1720687699876928,54,1.0170396993191255,1.020870217127805,1.1720687699876928,28,0.5185185185185185,SufficientBaseline,0.318971269842715,0.0,0.7536834413322957,28,0.318971269842715,0.0,0.7536834413322957,0.2315640867285019,0.0,0.649449547999825,210,0.2315640867285019,0.0,0.649449547999825,-0.6980684294764108,-0.6863728426173967,Decrease,0.6980684294764108,True,-0.6980684294764108,-0.6863728426173967,0.6980684294764108,-0.0874071831142131,0.6980684294764108,-0.0874071831142131,,,NotAffected,SufficientBaseline,Persistent Decrease,Baseline sufficient; inflow decreased >= 20%; no meaningful recovery
55_43,43,55,1.0034097785119849,0.0,1.2413713548460303,0.0,5.768638189256595,292,157,0.5376712328767124,LowActivity,1.0034097785119849,0.0,1.2413713548460303,0.0,5.768638189256595,157,0.5376712328767124,135,0.4623287671232877,1.3063541390994962,1.3677456679714246,1.260100624629099,54,1.3063541390994962,1.3677456679714246,1.260100624629099,32,0.5925925925925926,SufficientBaseline,0.8107175749934152,0.0,1.2972226726378648,28,0.8107175749934152,0.0,1.2972226726378648,0.9512020938776716,0.0,1.2223446926822716,210,0.9512020938776716,0.0,1.2223446926822716,-0.4956365641060809,-0.3794044426940279,Decrease,0.4956365641060809,True,-0.4956365641060809,-0.3794044426940279,0.4956365641060809,0.1404845188842565,0.4956365641060809,0.1404845188842565,,,NotAffected,SufficientBaseline,Persistent Decrease,Baseline sufficient; inflow decreased >= 20%; no meaningful recovery
55_48,48,55,1.9829639940964952,1.8438542492996344,1.6717516277486184,0.0,7.670364279605788,292,81,0.2773972602739726,Active,1.9829639940964952,1.8438542492996344,1.6717516277486184,0.0,7.670364279605788,81,0.2773972602739726,211,0.7226027397260274,1.5991454918988035,1.6146142298805757,1.3758773343387225,54,1.5991454918988035,1.6146142298805757,1.3758773343387225,37,0.6851851851851852,SufficientBaseline,1.058236778353986,0.0,1.7684698019662068,28,1.058236778353986,0.0,1.7684698019662068,2.2049571424749037,2.087265788262256,1.6748243556084714,210,2.2049571424749037,2.087265788262256,1.6748243556084714,-0.5409087135448176,-0.3382485935676497,Decrease,0.5409087135448176,True,-0.5409087135448176,-0.3382485935676497,0.5409087135448176,1.1467203641209174,0.5409087135448176,1.1467203641209174,,,NotAffected,SufficientBaseline,Persistent Decrease,Baseline sufficient; inflow decreased >= 20%; no meaningful recovery
55_49,49,55,2.7822162164296227,2.5427248595327305,1.9181048806591423,0.0,9.13751718720042,292,43,0.1472602739726027,Active,2.7822162164296227,2.5427248595327305,1.9181048806591423,0.0,9.13751718720042,43,0.1472602739726027,249,0.8527397260273972,2.615659163397307,2.376892086521556,1.4003044304638366,54,2.615659163397307,2.376892086521556,1.4003044304638366,50,0.925925925925926,SufficientBaseline,1.6692587886265395,1.363809054709241,1.5190352159867078,28,1.6692587886265395,1.363809054709241,1.5190352159867078,2.973439496630725,2.758415013089351,2.0291407032854702,210,2.973439496630725,2.758415013089351,2.0291407032854702,-0.9464003747707675,-0.3618209849411536,Decrease,0.9464003747707675,True,-0.9464003747707675,-0.3618209849411536,0.9464003747707675,1.3041807080041854,0.9464003747707675,1.3041807080041854,,,NotAffected,SufficientBaseline,Persistent Decrease,Baseline sufficient; inflow decreased >= 20%; no meaningful recovery
55_51,51,55,2.096431960603211,1.872964985176124,1.8675564694018327,0.0,9.464007946631792,292,80,0.273972602739726,Active,2.096431960603211,1.872964985176124,1.8675564694018327,0.0,9.464007946631792,80,0.273972602739726,212,0.726027397260274,1.871353868241025,1.7170678446137582,1.9188210189265544,54,1.871353868241025,1.7170678446137582,1.9188210189265544,37,0.6851851851851852,SufficientBaseline,0.932759520064493,0.0,1.3342982864621318,28,0.932759520064493,0.0,1.3342982864621318,2.3094655097586503,2.149588382982966,1.8580608522776323,210,2.3094655097586503,2.149588382982966,1.8580608522776323,-0.938594348176532,-0.5015589857725635,Decrease,0.938594348176532,True,-0.938594348176532,-0.5015589857725635,0.938594348176532,1.3767059896941571,0.938594348176532,1.3767059896941571,,,NotAffected,SufficientBaseline,Persistent Decrease,Baseline sufficient; inflow decreased >= 20%; no meaningful recovery
56_37,37,56,2.5364243455826165,2.275594011745227,2.0773178380660564,0.0,12.347522041455877,292,66,0.2260273972602739,Active,2.5364243455826165,2.275594011745227,2.0773178380660564,0.0,12.347522041455877,66,0.2260273972602739,226,0.773972602739726,4.020683778901165,3.726109746256265,1.8002696035238253,54,4.020683778901165,3.726109746256265,1.8002696035238253,54,1.0,SufficientBaseline,3.165961533119053,3.4846316326745272,2.6653109705419054,28,3.165961533119053,3.4846316326745272,2.6653109705419054,2.070819342486322,1.838616185085824,1.8516455017904947,210,2.070819342486322,1.838616185085824,1.8516455017904947,-0.8547222457821118,-0.2125813152149218,Decrease,0.8547222457821118,True,-0.8547222457821118,-0.2125813152149218,0.8547222457821118,-1.095142190632731,0.8547222457821118,-1.095142190632731,,,NotAffected,SufficientBaseline,Persistent Decrease,Baseline sufficient; inflow decreased >= 20%; no meaningful recovery
56_51,51,56,2.527766365135704,2.4125682177597927,1.805180419392497,0.0,7.328063771876161,292,60,0.2054794520547945,Active,2.527766365135704,2.4125682177597927,1.805180419392497,0.0,7.328063771876161,60,0.2054794520547945,232,0.7945205479452054,1.920972004799414,1.8362277193144527,1.7241253220090682,54,1.920972004799414,1.8362277193144527,1.7241253220090682,36,0.6666666666666666,SufficientBaseline,1.011594127264522,0.0,1.488216809919033,28,1.011594127264522,0.0,1.488216809919033,2.8859554990335736,2.854278413636385,1.7219881571584872,210,2.8859554990335736,2.854278413636385,1.7219881571584872,-0.9093778775348922,-0.4733946539891654,Decrease,0.9093778775348922,True,-0.9093778775348922,-0.4733946539891654,0.9093778775348922,1.874361371769052,0.9093778775348922,1.874361371769052,,,NotAffected,SufficientBaseline,Persistent Decrease,Baseline sufficient; inflow decreased >= 20%; no meaningful recovery
56_56,56,56,1.491995316053808,1.548562286558182,1.4664520382601618,0.0,7.332675366373409,292,112,0.3835616438356164,LowActivity,1.491995316053808,1.548562286558182,1.4664520382601618,0.0,7.332675366373409,112,0.3835616438356164,180,0.6164383561643836,1.802504416514007,1.7409997683479936,1.5001003196851734,54,1.802504416514007,1.7409997683479936,1.5001003196851734,40,0.7407407407407407,SufficientBaseline,1.3159924481828058,1.01114952289528,1.5021584996877435,28,1.3159924481828058,1.01114952289528,1.5021584996877435,1.4356171678420808,1.5435275279827052,1.4490682128631671,210,1.4356171678420808,1.5435275279827052,1.4490682128631671,-0.4865119683312011,-0.2699088911371999,Decrease,0.4865119683312011,True,-0.4865119683312011,-0.2699088911371999,0.4865119683312011,0.119624719659275,0.4865119683312011,0.119624719659275,,,NotAffected,SufficientBaseline,Persistent Decrease,Baseline sufficient; inflow decreased >= 20%; no meaningful recovery
56_58,58,56,2.180439991354413,2.0856800408062,1.4534344070337188,0.0,9.9166479776304,292,46,0.1575342465753424,Active,2.180439991354413,2.0856800408062,1.4534344070337188,0.0,9.9166479776304,46,0.1575342465753424,246,0.8424657534246576,2.3081615013753627,2.184968597088825,1.4621513975908396,54,2.3081615013753627,2.184968597088825,1.4621513975908396,48,0.8888888888888888,SufficientBaseline,1.829088575407924,1.8134634253513533,1.2626267756677532,28,1.829088575407924,1.8134634253513533,1.2626267756677532,2.1944441728085584,2.110562787739879,1.4738526588578291,210,2.1944441728085584,2.110562787739879,1.4738526588578291,-0.4790729259674386,-0.2075560681875916,Decrease,0.4790729259674386,True,-0.4790729259674386,-0.2075560681875916,0.4790729259674386,0.3653555974006344,0.4790729259674386,0.3653555974006344,,,NotAffected,SufficientBaseline,Persistent Decrease,Baseline sufficient; inflow decreased >= 20%; no meaningful recovery
57_42,42,57,9.262725998978745,8.782811807916307,3.681428212803696,0.0,23.439699725957603,292,1,0.0034246575342465,Active,9.266283571171016,8.782811807916307,3.690008709454115,0.0,23.439699725957603,1,0.0034246575342465,291,0.9965753424657534,13.425175568113966,12.754752526138391,3.638424499728687,54,13.44441281033885,12.754752526138391,3.6635962239636752,54,1.0,SufficientBaseline,8.532535262009066,8.4045891126332,3.2671287404599303,28,8.532535262009066,8.4045891126332,3.2671287404599303,8.289740588987547,8.3252338387899,2.9385540939161983,210,8.289740588987547,8.3252338387899,2.9385540939161983,-4.911877548329784,-0.3653471235688713,Decrease,4.911877548329784,True,-4.911877548329784,-0.3653471235688713,4.911877548329784,-0.2427946730215193,4.911877548329784,-0.2427946730215193,-0.0494301151917108,-0.0494301151917108,Calculated,SufficientBaseline,Persistent Decrease,Baseline sufficient; inflow decreased >= 20%; no meaningful recovery
57_50,50,57,3.643852244968266,3.626402599367177,1.5740252595891522,0.0,8.52021120951544,292,12,0.0410958904109589,Active,3.643852244968266,3.626402599367177,1.5740252595891522,0.0,8.52021120951544,12,0.0410958904109589,280,0.958904109589041,2.9393992369228794,2.850726133992132,1.3038800156800554,54,2.9393992369228794,2.850726133992132,1.3038800156800554,50,0.925925925925926,SufficientBaseline,1.9545565961511735,2.074332887303563,1.1481310808610237,28,1.9545565961511735,2.074332887303563,1.1481310808610237,4.050236724022216,4.108279280456172,1.4736743008663478,210,4.050236724022216,4.108279280456172,1.4736743008663478,-0.9848426407717056,-0.3350489543579972,Decrease,0.9848426407717056,True,-0.9848426407717056,-0.3350489543579972,0.9848426407717056,2.095680127871041,0.9848426407717056,2.095680127871041,,,NotAffected,SufficientBaseline,Persistent Decrease,Baseline sufficient; inflow decreased >= 20%; no meaningful recovery
57_55,55,57,1.809293147896054,1.624096802473255,1.7218848948211116,0.0,9.88914076962647,292,99,0.339041095890411,LowActivity,1.809293147896054,1.624096802473255,1.7218848948211116,0.0,9.88914076962647,99,0.339041095890411,193,0.660958904109589,1.7947290755694252,1.4956850866518323,1.64553235989237,54,1.7947290755694252,1.4956850866518323,1.64553235989237,37,0.6851851851851852,SufficientBaseline,0.8284884253202852,0.0,1.1776201667591215,28,0.8284884253202852,0.0,1.1776201667591215,1.9438121580758607,1.8318918800789024,1.7649971869252543,210,1.9438121580758607,1.8318918800789024,1.7649971869252543,-0.96624065024914,-0.5383768856269153,Decrease,0.96624065024914,True,-0.96624065024914,-0.5383768856269153,0.96624065024914,1.1153237327555758,0.96624065024914,1.1153237327555758,,,NotAffected,SufficientBaseline,Persistent Decrease,Baseline sufficient; inflow decreased >= 20%; no meaningful recovery
57_56,56,57,1.6350057632971655,1.6481934980670077,1.5699050154911969,0.0,7.613471010082786,292,102,0.3493150684931507,LowActivity,1.6350057632971655,1.6481934980670077,1.5699050154911969,0.0,7.613471010082786,102,0.3493150684931507,190,0.6506849315068494,1.4113681899222554,1.596376914767963,1.2332678952197655,54,1.4113681899222554,1.596376914767963,1.2332678952197655,35,0.6481481481481481,SufficientBaseline,0.6982277878977082,0.0,0.9789818062607129,28,0.6982277878977082,0.0,0.9789818062607129,1.8174162979325463,1.7373045203265869,1.660766164480317,210,1.8174162979325463,1.7373045203265869,1.660766164480317,-0.7131404020245472,-0.5052830346586104,Decrease,0.7131404020245472,True,-0.7131404020245472,-0.5052830346586104,0.7131404020245472,1.1191885100348382,0.7131404020245472,1.1191885100348382,,,NotAffected,SufficientBaseline,Persistent Decrease,Baseline sufficient; inflow decreased >= 20%; no meaningful recovery
57_57,57,57,1.6401591728995362,1.542134178547388,1.580986787593741,0.0,6.390206499073329,292,105,0.3595890410958904,LowActivity,1.6401591728995362,1.542134178547388,1.580986787593741,0.0,6.390206499073329,105,0.3595890410958904,187,0.6404109589041096,1.5671280773681746,1.5101694980270417,1.356305586889845,54,1.5671280773681746,1.5101694980270417,1.356305586889845,38,0.7037037037037037,SufficientBaseline,1.070670610436514,0.4593740217333542,1.301335205520604,28,1.070670610436514,0.4593740217333542,1.301335205520604,1.734870405793146,1.6664505903511238,1.6556222008849584,210,1.734870405793146,1.6664505903511238,1.6556222008849584,-0.4964574669316606,-0.3167944433523316,Decrease,0.4964574669316606,True,-0.4964574669316606,-0.3167944433523316,0.4964574669316606,0.6641997953566321,0.4964574669316606,0.6641997953566321,,,NotAffected,SufficientBaseline,Persistent Decrease,Baseline sufficient; inflow decreased >= 20%; no meaningful recovery
58_40,40,58,0.6043308102389755,0.0,1.2633379764722643,0.0,6.41106284511141,292,225,0.7705479452054794,LowActivity,0.6043308102389755,0.0,1.2633379764722643,0.0,6.41106284511141,225,0.7705479452054794,67,0.2294520547945205,2.4433367118286182,2.453684633445566,1.7042733602610514,54,2.4433367118286182,2.453684633445566,1.7042733602610514,43,0.7962962962962963,SufficientBaseline,0.3384812330661753,0.0,0.7454156399369491,28,0.3384812330661753,0.0,0.7454156399369491,0.1668901886913455,0.0,0.5816614649394664,210,0.1668901886913455,0.0,0.5816614649394664,-2.1048554787624427,-0.8614676268614436,Decrease,2.1048554787624427,True,-2.1048554787624427,-0.8614676268614436,2.1048554787624427,-0.1715910443748298,2.1048554787624427,-0.1715910443748298,-0.0815215325261748,-0.0815215325261748,Calculated,SufficientBaseline,Persistent Decrease,Baseline sufficient; inflow decreased >= 20%; no meaningful recovery
58_42,42,58,2.1315766948038464,2.0452850959051547,1.5117422813215913,0.0,7.156790121348156,292,57,0.1952054794520548,Active,2.1315766948038464,2.0452850959051547,1.5117422813215913,0.0,7.156790121348156,57,0.1952054794520548,235,0.8047945205479452,3.219130160228418,3.0742301690530818,1.5217256780799844,54,3.219130160228418,3.0742301690530818,1.5217256780799844,53,0.9814814814814816,SufficientBaseline,2.0790330884594943,2.493195393022128,1.1760978225950882,28,2.0790330884594943,2.493195393022128,1.1760978225950882,1.8589259035882035,1.7630198712775118,1.426688667518866,210,1.8589259035882035,1.7630198712775118,1.426688667518866,-1.1400970717689236,-0.3541630859958848,Decrease,1.1400970717689236,True,-1.1400970717689236,-0.3541630859958848,1.1400970717689236,-0.2201071848712907,1.1400970717689236,-0.2201071848712907,-0.1930600387647539,-0.1930600387647539,Calculated,SufficientBaseline,Persistent Decrease,Baseline sufficient; inflow decreased >= 20%; no meaningful recovery
59_43,43,59,3.545601217440058,3.2216179241349803,2.256086041138893,0.0,13.880695612099656,292,17,0.0582191780821917,Active,3.545601217440058,3.2216179241349803,2.256086041138893,0.0,13.880695612099656,17,0.0582191780821917,275,0.9417808219178082,6.222368884369453,5.771004319634406,2.3208963469856494,54,6.222368884369453,5.771004319634406,2.3208963469856494,54,1.0,SufficientBaseline,3.280969780847373,3.255025830618305,2.000039718545382,28,3.280969780847373,3.255025830618305,2.000039718545382,2.8925737232039053,2.5633487257927525,1.7073540973141608,210,2.8925737232039053,2.5633487257927525,1.7073540973141608,-2.94139910352208,-0.4727137137290034,Decrease,2.94139910352208,True,-2.94139910352208,-0.4727137137290034,2.94139910352208,-0.3883960576434675,2.94139910352208,-0.3883960576434675,-0.1320446644518235,-0.1320446644518235,Calculated,SufficientBaseline,Persistent Decrease,Baseline sufficient; inflow decreased >= 20%; no meaningful recovery
59_61,61,59,36.00165912945278,33.64181678035822,11.035556795790155,12.325916062055926,70.36491592179816,292,0,0.0,Active,36.02783215324579,33.48640485311842,11.152521944972978,12.325916062055926,70.60638783642341,0,0.0,292,1.0,53.7549194330972,54.52494427348616,7.757202996532802,54,53.94044586706191,54.86388971362789,7.952042443166099,54,1.0,SufficientBaseline,33.69039851888059,31.29289936575256,9.479217514086844,28,33.42554047746367,31.13195064837722,9.640115278521352,31.744703132782416,31.53550242172808,6.506867423989826,210,31.7687037074164,31.311263069725648,6.565101987254335,-20.51490538959824,-0.3803250985384498,Decrease,20.51490538959824,True,-20.51490538959824,-0.3803250985384498,20.51490538959824,-1.656836770047274,20.51490538959824,-1.656836770047274,-0.0807625840130536,-0.0807625840130536,Calculated,SufficientBaseline,Persistent Decrease,Baseline sufficient; inflow decreased >= 20%; no meaningful recovery
59_62,62,59,0.7983077863342932,0.0,1.2224740969006176,0.0,6.205189715740904,292,184,0.6301369863013698,LowActivity,0.7983077863342932,0.0,1.2224740969006176,0.0,6.205189715740904,184,0.6301369863013698,108,0.3698630136986301,1.351409221857521,1.0306051991975662,1.629340694353106,54,1.351409221857521,1.0306051991975662,1.629340694353106,28,0.5185185185185185,SufficientBaseline,0.9149189996190048,0.0,1.1201296894331088,28,0.9149189996190048,0.0,1.1201296894331088,0.6405335411427396,0.0,1.0675206563978483,210,0.6405335411427396,0.0,1.0675206563978483,-0.4364902222385163,-0.3229889327220644,Decrease,0.4364902222385163,True,-0.4364902222385163,-0.3229889327220644,0.4364902222385163,-0.2743854584762651,0.4364902222385163,-0.2743854584762651,,,NotAffected,SufficientBaseline,Persistent Decrease,Baseline sufficient; inflow decreased >= 20%; no meaningful recovery
60_52,52,60,0.975655299576868,0.0,1.2509370684751375,0.0,6.911912879258172,292,157,0.5376712328767124,LowActivity,0.975655299576868,0.0,1.2509370684751375,0.0,6.911912879258172,157,0.5376712328767124,135,0.4623287671232877,1.2260612359239642,1.2778683352891167,1.2774615324831693,54,1.2260612359239642,1.2778683352891167,1.2774615324831693,31,0.5740740740740741,SufficientBaseline,0.4060485116114424,0.0,0.8521161876438513,28,0.4060485116114424,0.0,0.8521161876438513,0.9872127733877666,0.0,1.2693948445073702,210,0.9872127733877666,0.0,1.2693948445073702,-0.8200127243125218,-0.6688187345671665,Decrease,0.8200127243125218,True,-0.8200127243125218,-0.6688187345671665,0.8200127243125218,0.5811642617763242,0.8200127243125218,0.5811642617763242,,,NotAffected,SufficientBaseline,Persistent Decrease,Baseline sufficient; inflow decreased >= 20%; no meaningful recovery
60_55,55,60,0.6709233861199306,0.0,1.5204419543945984,0.0,8.050815874446464,292,234,0.8013698630136986,LowActivity,0.6709233861199306,0.0,1.5204419543945984,0.0,8.050815874446464,234,0.8013698630136986,58,0.1986301369863013,3.447206895629068,3.4351797705385945,1.6277315674253268,54,3.447206895629068,3.4351797705385945,1.6277315674253268,53,0.9814814814814816,SufficientBaseline,0.1120530396033759,0.0,0.5929289528788085,28,0.1120530396033759,0.0,0.5929289528788085,0.0315379584483599,0.0,0.2394805735820948,210,0.0315379584483599,0.0,0.2394805735820948,-3.335153856025692,-0.9674945418142858,Decrease,3.335153856025692,True,-3.335153856025692,-0.9674945418142858,3.335153856025692,-0.080515081155016,3.335153856025692,-0.080515081155016,-0.0241413393896499,-0.0241413393896499,Calculated,SufficientBaseline,Persistent Decrease,Baseline sufficient; inflow decreased >= 20%; no meaningful recovery
60_63,63,60,2.928865937725977,2.4558904116736837,2.3869732007520046,0.0,11.252373070211206,292,55,0.1883561643835616,Active,2.928865937725977,2.4558904116736837,2.3869732007520046,0.0,11.252373070211206,55,0.1883561643835616,237,0.8116438356164384,4.9869423445146985,4.995880855841119,2.4180200875527817,54,4.9869423445146985,4.995880855841119,2.4180200875527817,53,0.9814814814814816,SufficientBaseline,2.957248446486285,2.8887775643307005,2.3686715854150977,28,2.957248446486285,2.8887775643307005,2.3686715854150977,2.3958619557646457,2.06201354167057,2.08461775200573,210,2.3958619557646457,2.06201354167057,2.08461775200573,-2.0296938980284134,-0.4070016771420949,Decrease,2.0296938980284134,True,-2.0296938980284134,-0.4070016771420949,2.0296938980284134,-0.5613864907216395,2.0296938980284134,-0.5613864907216395,-0.2765867756054025,-0.2765867756054025,Calculated,SufficientBaseline,Persistent Decrease,Baseline sufficient; inflow decreased >= 20%; no meaningful recovery
60_64,64,60,7.759586190305618,6.558940314382287,4.9210674810753465,0.0,30.39115165881929,292,8,0.0273972602739726,Active,7.757638387922229,6.558940314382287,4.918742694607245,0.0,30.28451603896378,8,0.0273972602739726,284,0.9726027397260274,15.420189474199388,15.870147784975474,4.2602744079218,54,15.420189474199388,15.870147784975474,4.2602744079218,54,1.0,SufficientBaseline,7.727805229366623,7.422209016146692,3.1375286037720165,28,7.711300848077523,7.422209016146692,3.126428296194724,5.793954235905755,5.891777390521858,2.9663130160334834,210,5.793446447239776,5.891777390521858,2.962088313687041,-7.708888626121864,-0.4999217836473509,Decrease,7.708888626121864,True,-7.708888626121864,-0.4999217836473509,7.708888626121864,-1.9178544008377472,7.708888626121864,-1.9178544008377472,-0.2487848111255653,-0.2487848111255653,Calculated,SufficientBaseline,Persistent Decrease,Baseline sufficient; inflow decreased >= 20%; no meaningful recovery
60_65,65,60,4.588908466180726,3.947236042860179,3.46659010256656,0.0,13.930424121085789,292,37,0.1267123287671233,Active,4.58725463676887,3.947236042860179,3.465989152307658,0.0,13.930424121085789,37,0.1267123287671233,255,0.8732876712328768,9.651441257144883,9.655285979777382,2.43573141387778,54,9.651441257144883,9.655285979777382,2.43573141387778,54,1.0,SufficientBaseline,5.078008574659241,5.314370255778432,3.0771673455053774,28,5.078008574659241,5.314370255778432,3.0771673455053774,3.2219009721356637,3.1885642050209446,2.3393996314632397,210,3.219601361715369,3.1885642050209446,2.336807907483132,-4.573432682485644,-0.473860075468,Decrease,4.573432682485644,True,-4.573432682485644,-0.473860075468,4.573432682485644,-1.858407212943872,4.573432682485644,-1.858407212943872,-0.4063484349645732,-0.4063484349645732,Calculated,SufficientBaseline,Persistent Decrease,Baseline sufficient; inflow decreased >= 20%; no meaningful recovery
61_51,51,61,0.3366131779052095,0.0,0.8507972887428702,0.0,4.609480699246892,292,244,0.8356164383561644,LowActivity,0.3366131779052095,0.0,0.8507972887428702,0.0,4.609480699246892,244,0.8356164383561644,48,0.1643835616438356,1.5647583333456363,1.454414372460398,1.2523709955328932,54,1.5647583333456363,1.454414372460398,1.2523709955328932,40,0.7407407407407407,SufficientBaseline,0.153368278137405,0.0,0.625867422492522,28,0.153368278137405,0.0,0.625867422492522,0.0452370769514738,0.0,0.2828374652358202,210,0.0452370769514738,0.0,0.2828374652358202,-1.4113900552082312,-0.9019859649448324,Decrease,1.4113900552082312,True,-1.4113900552082312,-0.9019859649448324,1.4113900552082312,-0.1081312011859312,1.4113900552082312,-0.1081312011859312,-0.0766132656149245,-0.0766132656149245,Calculated,SufficientBaseline,Persistent Decrease,Baseline sufficient; inflow decreased >= 20%; no meaningful recovery
61_57,57,61,3.021811025017095,3.055508164526453,1.54574805503793,0.0,8.040514416364122,292,23,0.0787671232876712,Active,3.021811025017095,3.055508164526453,1.54574805503793,0.0,8.040514416364122,23,0.0787671232876712,269,0.9212328767123288,2.50913957252472,2.2301020377726104,1.5063720726644263,54,2.50913957252472,2.2301020377726104,1.5063720726644263,51,0.9444444444444444,SufficientBaseline,1.9145388895938156,2.029375271953303,1.7644167353682734,28,1.9145388895938156,2.029375271953303,1.7644167353682734,3.3012771118096675,3.357886518276579,1.4277707583762167,210,3.3012771118096675,3.357886518276579,1.4277707583762167,-0.5946006829309045,-0.2369739369789667,Decrease,0.5946006829309045,True,-0.5946006829309045,-0.2369739369789667,0.5946006829309045,1.3867382222158522,0.5946006829309045,1.3867382222158522,,,NotAffected,SufficientBaseline,Persistent Decrease,Baseline sufficient; inflow decreased >= 20%; no meaningful recovery
62_57,57,62,1.2350851096130049,1.300615070321148,1.2172769193995914,0.0,4.853466041620838,292,121,0.4143835616438356,LowActivity,1.2350851096130049,1.300615070321148,1.2172769193995914,0.0,4.853466041620838,121,0.4143835616438356,171,0.5856164383561644,1.2235413183512696,1.3149689462872804,1.138261905678564,54,1.2235413183512696,1.3149689462872804,1.138261905678564,33,0.6111111111111112,SufficientBaseline,0.9573170223046312,0.0,1.152306980147785,28,0.9573170223046312,0.0,1.152306980147785,1.2750892580547577,1.3502959699831885,1.245411899208691,210,1.2750892580547577,1.3502959699831885,1.245411899208691,-0.2662242960466384,-0.2175850476429987,Decrease,0.2662242960466384,True,-0.2662242960466384,-0.2175850476429987,0.2662242960466384,0.3177722357501266,0.2662242960466384,0.3177722357501266,,,NotAffected,SufficientBaseline,Persistent Decrease,Baseline sufficient; inflow decreased >= 20%; no meaningful recovery
62_61,61,62,0.92410871254286,0.0,1.355987740218371,0.0,6.64838313556525,292,179,0.613013698630137,LowActivity,0.92410871254286,0.0,1.355987740218371,0.0,6.64838313556525,179,0.613013698630137,113,0.386986301369863,1.446924365562117,1.4598479616207922,1.5304916116642229,54,1.446924365562117,1.4598479616207922,1.5304916116642229,31,0.5740740740740741,SufficientBaseline,0.6673726528742127,0.0,1.515554952119184,28,0.6673726528742127,0.0,1.515554952119184,0.8239018763889657,0.0,1.2569122715140324,210,0.8239018763889657,0.0,1.2569122715140324,-0.7795517126879042,-0.5387646591914675,Decrease,0.7795517126879042,True,-0.7795517126879042,-0.5387646591914675,0.7795517126879042,0.156529223514753,0.7795517126879042,0.156529223514753,,,NotAffected,SufficientBaseline,Persistent Decrease,Baseline sufficient; inflow decreased >= 20%; no meaningful recovery
62_64,64,62,6.399709153181779,5.732547963776671,3.5443842318785803,0.0,20.193084449332066,292,4,0.0136986301369863,Active,6.399709153181779,5.732547963776671,3.5443842318785803,0.0,20.193084449332066,4,0.0136986301369863,288,0.9863013698630136,11.611939230183456,10.884699136230909,3.070427320063208,54,11.611939230183456,10.884699136230909,3.070427320063208,54,1.0,SufficientBaseline,5.71508686842121,5.589315427280773,1.8193352639365128,28,5.71508686842121,5.589315427280773,1.8193352639365128,5.150704390397043,4.871789992477203,2.4543123626749246,210,5.150704390397043,4.871789992477203,2.4543123626749246,-5.896852361762246,-0.5078266639937524,Decrease,5.896852361762246,True,-5.896852361762246,-0.5078266639937524,5.896852361762246,-0.5643824780241671,5.896852361762246,-0.5643824780241671,-0.0957091077409141,-0.0957091077409141,Calculated,SufficientBaseline,Persistent Decrease,Baseline sufficient; inflow decreased >= 20%; no meaningful recovery
62_66,66,62,10.976678117235137,10.683063782026966,3.913378062175709,1.6716880868525428,25.08138791654476,292,0,0.0,Active,10.976678117235137,10.683063782026966,3.913378062175709,1.6716880868525428,25.08138791654476,0,0.0,292,1.0,15.74804245510058,15.296960357917722,3.8936536255546783,54,15.74804245510058,15.296960357917722,3.8936536255546783,54,1.0,SufficientBaseline,11.20847018955311,11.51568890131487,3.975396422078525,28,11.20847018955311,11.51568890131487,3.975396422078525,9.71885024928448,9.694216105197263,2.8209788832451017,210,9.71885024928448,9.694216105197263,2.8209788832451017,-4.539572265547472,-0.2882626382606154,Decrease,4.539572265547472,True,-4.539572265547472,-0.2882626382606154,4.539572265547472,-1.4896199402686283,4.539572265547472,-1.4896199402686283,-0.3281410346904083,-0.3281410346904083,Calculated,SufficientBaseline,Persistent Decrease,Baseline sufficient; inflow decreased >= 20%; no meaningful recovery
63_54,54,63,0.3454483972223956,0.0,0.8881197640571561,0.0,5.676857347366097,292,244,0.8356164383561644,LowActivity,0.3454483972223956,0.0,0.8881197640571561,0.0,5.676857347366097,244,0.8356164383561644,48,0.1643835616438356,1.299754170973378,1.182873486279924,1.4734361696382527,54,1.299754170973378,1.182873486279924,1.4734361696382527,30,0.5555555555555556,SufficientBaseline,0.1989406298726574,0.0,0.5059464820267454,28,0.1989406298726574,0.0,0.5059464820267454,0.1195898529521081,0.0,0.4745263424634716,210,0.1195898529521081,0.0,0.4745263424634716,-1.1008135411007205,-0.8469398026830934,Decrease,1.1008135411007205,True,-1.1008135411007205,-0.8469398026830934,1.1008135411007205,-0.0793507769205492,1.1008135411007205,-0.0793507769205492,-0.0720837580188241,-0.0720837580188241,Calculated,SufficientBaseline,Persistent Decrease,Baseline sufficient; inflow decreased >= 20%; no meaningful recovery
63_57,57,63,7.506343661173456,7.268751027984802,3.028922995555285,0.0,18.380420715321527,292,1,0.0034246575342465,Active,7.506343661173456,7.268751027984802,3.028922995555285,0.0,18.380420715321527,1,0.0034246575342465,291,0.9965753424657534,10.469669510516894,10.49279565121821,2.736985648632032,54,10.469669510516894,10.49279565121821,2.736985648632032,54,1.0,SufficientBaseline,7.206623359169782,6.641892038433777,3.457141694334494,28,7.206623359169782,6.641892038433777,3.457141694334494,6.784308292561821,6.641344379094792,2.554506236647778,210,6.784308292561821,6.641344379094792,2.554506236647778,-3.263046151347112,-0.3116665858525283,Decrease,3.263046151347112,True,-3.263046151347112,-0.3116665858525283,3.263046151347112,-0.4223150666079611,3.263046151347112,-0.4223150666079611,-0.1294235652884079,-0.1294235652884079,Calculated,SufficientBaseline,Persistent Decrease,Baseline sufficient; inflow decreased >= 20%; no meaningful recovery
63_58,58,63,1.2514854839661151,0.0,1.6290478811491214,0.0,8.50094864614938,292,149,0.5102739726027398,LowActivity,1.2514854839661151,0.0,1.6290478811491214,0.0,8.50094864614938,149,0.5102739726027398,143,0.4897260273972603,2.576587410966588,2.312351779984294,1.9025718754554335,54,2.576587410966588,2.312351779984294,1.9025718754554335,43,0.7962962962962963,SufficientBaseline,1.0567140829064618,0.0,2.1125653545036047,28,1.0567140829064618,0.0,2.1125653545036047,0.936714508592995,0.0,1.2814837462897333,210,0.936714508592995,0.0,1.2814837462897333,-1.519873328060126,-0.5898784266317426,Decrease,1.519873328060126,True,-1.519873328060126,-0.5898784266317426,1.519873328060126,-0.1199995743134668,1.519873328060126,-0.1199995743134668,-0.0789536681103727,-0.0789536681103727,Calculated,SufficientBaseline,Persistent Decrease,Baseline sufficient; inflow decreased >= 20%; no meaningful recovery
63_63,63,63,0.8734056091183622,0.0,1.2997628747022372,0.0,7.388271385461302,292,180,0.6164383561643836,LowActivity,0.8734056091183622,0.0,1.2997628747022372,0.0,7.388271385461302,180,0.6164383561643836,112,0.3835616438356164,1.8374292066739095,1.9356080682726369,1.6041707942116872,54,1.8374292066739095,1.9356080682726369,1.6041707942116872,37,0.6851851851851852,SufficientBaseline,0.9401377522994032,0.0,1.645230292977921,28,0.9401377522994032,0.0,1.645230292977921,0.6166162077989874,0.0,1.0212631455941528,210,0.6166162077989874,0.0,1.0212631455941528,-0.8972914543745064,-0.4883406942239541,Decrease,0.8972914543745064,True,-0.8972914543745064,-0.4883406942239541,0.8972914543745064,-0.3235215445004159,0.8972914543745064,-0.3235215445004159,,,NotAffected,SufficientBaseline,Persistent Decrease,Baseline sufficient; inflow decreased >= 20%; no meaningful recovery
63_65,65,63,2.534290688043653,2.3595876766779926,1.8078807978568048,0.0,9.007618538439122,292,48,0.1643835616438356,Active,2.534290688043653,2.3595876766779926,1.8078807978568048,0.0,9.007618538439122,48,0.1643835616438356,244,0.8356164383561644,1.8014448208084697,1.8247836048610464,1.150004132471042,54,1.8014448208084697,1.8247836048610464,1.150004132471042,44,0.8148148148148148,SufficientBaseline,1.3071948077811524,1.0457151354552543,1.8637741193992607,28,1.3071948077811524,1.0457151354552543,1.8637741193992607,2.886349552224844,2.784436863010393,1.8170392171321683,210,2.886349552224844,2.784436863010393,1.8170392171321683,-0.4942500130273173,-0.2743631152718311,Decrease,0.4942500130273173,True,-0.4942500130273173,-0.2743631152718311,0.4942500130273173,1.5791547444436915,0.4942500130273173,1.5791547444436915,,,NotAffected,SufficientBaseline,Persistent Decrease,Baseline sufficient; inflow decreased >= 20%; no meaningful recovery
64_63,63,64,0.7059266574794446,0.0,1.0678037430429153,0.0,4.788768262730195,292,187,0.6404109589041096,LowActivity,0.7059266574794446,0.0,1.0678037430429153,0.0,4.788768262730195,187,0.6404109589041096,105,0.3595890410958904,1.3989837546741104,1.3152127171121697,1.3541103708365083,54,1.3989837546741104,1.3152127171121697,1.3541103708365083,34,0.6296296296296297,SufficientBaseline,0.5343309957262937,0.0,0.9518956058030866,28,0.5343309957262937,0.0,0.9518956058030866,0.5505913969107602,0.0,0.9237014546747,210,0.5505913969107602,0.0,0.9237014546747,-0.8646527589478167,-0.6180577551804634,Decrease,0.8646527589478167,True,-0.8646527589478167,-0.6180577551804634,0.8646527589478167,0.0162604011844664,0.8646527589478167,0.0162604011844664,,,NotAffected,SufficientBaseline,Persistent Decrease,Baseline sufficient; inflow decreased >= 20%; no meaningful recovery
64_66,66,64,2.2842319724649767,2.1237944555896835,1.7344003997681794,0.0,9.830296362504162,292,59,0.2020547945205479,Active,2.2842319724649767,2.1237944555896835,1.7344003997681794,0.0,9.830296362504162,59,0.2020547945205479,233,0.797945205479452,3.2652866253718718,3.1351050797491484,1.9275522862956096,54,3.2652866253718718,3.1351050797491484,1.9275522862956096,50,0.925925925925926,SufficientBaseline,2.376942000238913,2.105968412117919,2.155034558018118,28,2.376942000238913,2.105968412117919,2.155034558018118,2.019599438966679,1.874894831282687,1.5251289575010052,210,2.019599438966679,1.874894831282687,1.5251289575010052,-0.8883446251329579,-0.2720571658948278,Decrease,0.8883446251329579,True,-0.8883446251329579,-0.2720571658948278,0.8883446251329579,-0.3573425612722345,0.8883446251329579,-0.3573425612722345,,,NotAffected,SufficientBaseline,Persistent Decrease,Baseline sufficient; inflow decreased >= 20%; no meaningful recovery
65_63,63,65,1.95018499927066,1.8610402158192092,1.7163777281671957,0.0,9.935648060927948,292,86,0.2945205479452055,Active,1.95018499927066,1.8610402158192092,1.7163777281671957,0.0,9.935648060927948,86,0.2945205479452055,206,0.7054794520547946,1.897714785333965,1.916283665788191,1.2080100055198129,54,1.897714785333965,1.916283665788191,1.2080100055198129,46,0.8518518518518519,SufficientBaseline,1.3860499455829929,0.0,1.8091609914343407,28,1.3860499455829929,0.0,1.8091609914343407,2.038895347155594,1.8757807299644396,1.804890974111542,210,2.038895347155594,1.8757807299644396,1.804890974111542,-0.5116648397509727,-0.2696215699562715,Decrease,0.5116648397509727,True,-0.5116648397509727,-0.2696215699562715,0.5116648397509727,0.6528454015726013,0.5116648397509727,0.6528454015726013,,,NotAffected,SufficientBaseline,Persistent Decrease,Baseline sufficient; inflow decreased >= 20%; no meaningful recovery
65_65,65,65,1.3274924843696918,1.2576116295681128,1.3392593529939532,0.0,9.108827735500236,292,106,0.363013698630137,LowActivity,1.3274924843696918,1.2576116295681128,1.3392593529939532,0.0,9.108827735500236,106,0.363013698630137,186,0.636986301369863,1.870318882509208,1.8072523935874505,1.5478281774465634,54,1.870318882509208,1.8072523935874505,1.5478281774465634,41,0.7592592592592593,SufficientBaseline,1.1506357348158642,0.9225736077667874,1.842659741034054,28,1.1506357348158642,0.9225736077667874,1.842659741034054,1.2114894533600409,1.2079565551935152,1.165035256578408,210,1.2114894533600409,1.2079565551935152,1.165035256578408,-0.7196831476933438,-0.3847916814740283,Decrease,0.7196831476933438,True,-0.7196831476933438,-0.3847916814740283,0.7196831476933438,0.0608537185441766,0.7196831476933438,0.0608537185441766,,,NotAffected,SufficientBaseline,Persistent Decrease,Baseline sufficient; inflow decreased >= 20%; no meaningful recovery
